Subject,StartDate,Start Time,End Date,End Time,All day event,Description,Location
day,date,,date,,TRUE,,
Students Start,08/31/16,,08/31/16,,TRUE,,
Day 1,09/01/16,,09/01/16,,TRUE,,
A Block,09/01/16,7:34:00 AM,09/01/16,8:21:00 AM,,,
B Block,09/01/16,8:25:00 AM,09/01/16,9:12:00 AM,,,
C Block,09/01/16,9:16:00 AM,09/01/16,10:03:00 AM,,,
D Block,09/01/16,10:07:00 AM,09/01/16,10:54:00 AM,,,
E Block,09/01/16,10:54:00 AM,09/01/16,12:19:00 PM,,,
F Block,09/01/16,12:23:00 PM,09/01/16,1:10:00 PM,,,
G Block,09/01/16,1:14:00 PM,09/01/16,2:02:00 PM,,,
Labor Day,09/02/16,,09/02/16,,TRUE,,
Labor Day,09/05/16,,09/05/16,,TRUE,,
Day 2,09/06/16,,09/06/16,,TRUE,,
H Block,09/06/16,7:34:00 AM,09/06/16,8:21:00 AM,,,
A Block,09/06/16,8:25:00 AM,09/06/16,9:12:00 AM,,,
B Block,09/06/16,9:16:00 AM,09/06/16,10:03:00 AM,,,
C Block,09/06/16,10:07:00 AM,09/06/16,10:54:00 AM,,,
D Block,09/06/16,10:54:00 AM,09/06/16,12:19:00 PM,,,
E Block,09/06/16,12:23:00 PM,09/06/16,1:10:00 PM,,,
F Block,09/06/16,1:14:00 PM,09/06/16,2:02:00 PM,,,
Day 3,09/07/16,,09/07/16,,TRUE,,
G Block,09/07/16,7:34:00 AM,09/07/16,8:21:00 AM,,,
H Block,09/07/16,8:25:00 AM,09/07/16,9:12:00 AM,,,
A Block,09/07/16,9:16:00 AM,09/07/16,10:03:00 AM,,,
B Block,09/07/16,10:07:00 AM,09/07/16,10:54:00 AM,,,
C Block,09/07/16,10:54:00 AM,09/07/16,12:19:00 PM,,,
D Block,09/07/16,12:23:00 PM,09/07/16,1:10:00 PM,,,
E Block,09/07/16,1:14:00 PM,09/07/16,2:02:00 PM,,,
Day 4,09/08/16,,09/08/16,,TRUE,,
F Block,09/08/16,7:34:00 AM,09/08/16,8:21:00 AM,,,
G Block,09/08/16,8:25:00 AM,09/08/16,9:12:00 AM,,,
H Block,09/08/16,9:16:00 AM,09/08/16,10:03:00 AM,,,
A Block,09/08/16,10:07:00 AM,09/08/16,10:54:00 AM,,,
B Block,09/08/16,10:54:00 AM,09/08/16,12:19:00 PM,,,
C Block,09/08/16,12:23:00 PM,09/08/16,1:10:00 PM,,,
D Block,09/08/16,1:14:00 PM,09/08/16,2:02:00 PM,,,
Day 5,09/09/16,,09/09/16,,TRUE,,
E Block,09/09/16,7:34:00 AM,09/09/16,8:21:00 AM,,,
F Block,09/09/16,8:25:00 AM,09/09/16,9:12:00 AM,,,
G Block,09/09/16,9:16:00 AM,09/09/16,10:03:00 AM,,,
H Block,09/09/16,10:07:00 AM,09/09/16,10:54:00 AM,,,
A Block,09/09/16,10:54:00 AM,09/09/16,12:19:00 PM,,,
B Block,09/09/16,12:23:00 PM,09/09/16,1:10:00 PM,,,
C Block,09/09/16,1:14:00 PM,09/09/16,2:02:00 PM,,,
Day 6,09/12/16,,09/12/16,,TRUE,,
D Block,09/12/16,7:34:00 AM,09/12/16,8:21:00 AM,,,
E Block,09/12/16,8:25:00 AM,09/12/16,9:12:00 AM,,,
F Block,09/12/16,9:16:00 AM,09/12/16,10:03:00 AM,,,
G Block,09/12/16,10:07:00 AM,09/12/16,10:54:00 AM,,,
H Block,09/12/16,10:54:00 AM,09/12/16,12:19:00 PM,,,
A Block,09/12/16,12:23:00 PM,09/12/16,1:10:00 PM,,,
B Block,09/12/16,1:14:00 PM,09/12/16,2:02:00 PM,,,
Day 7,09/13/16,,09/13/16,,TRUE,,
C Block,09/13/16,7:34:00 AM,09/13/16,8:21:00 AM,,,
D Block,09/13/16,8:25:00 AM,09/13/16,9:12:00 AM,,,
E Block,09/13/16,9:16:00 AM,09/13/16,10:03:00 AM,,,
F Block,09/13/16,10:07:00 AM,09/13/16,10:54:00 AM,,,
G Block,09/13/16,10:54:00 AM,09/13/16,12:19:00 PM,,,
H Block,09/13/16,12:23:00 PM,09/13/16,1:10:00 PM,,,
A Block,09/13/16,1:14:00 PM,09/13/16,2:02:00 PM,,,
Day 8 (Early Release),09/14/16,,09/14/16,,TRUE,,
B Block,09/14/16,7:34:00 AM,09/14/16,8:08:00 AM,,,
C Block,09/14/16,8:12:00 AM,09/14/16,8:45:00 AM,,,
D Block,09/14/16,8:49:00 AM,09/14/16,9:23:00 AM,,,
E Block,09/14/16,9:27:00 AM,09/14/16,10:00:00 AM,,,
F Block,09/14/16,10:04:00 AM,09/14/16,10:38:00 AM,,,
G Block,09/14/16,10:42:00 AM,09/14/16,11:15:00 AM,,,
H Block,09/14/16,11:15:00 AM,09/14/16,12:42:00 PM,,,
Day 1,09/15/16,,09/15/16,,TRUE,,
A Block,09/15/16,7:34:00 AM,09/15/16,8:21:00 AM,,,
B Block,09/15/16,8:25:00 AM,09/15/16,9:12:00 AM,,,
C Block,09/15/16,9:16:00 AM,09/15/16,10:03:00 AM,,,
D Block,09/15/16,10:07:00 AM,09/15/16,10:54:00 AM,,,
E Block,09/15/16,10:54:00 AM,09/15/16,12:19:00 PM,,,
F Block,09/15/16,12:23:00 PM,09/15/16,1:10:00 PM,,,
G Block,09/15/16,1:14:00 PM,09/15/16,2:02:00 PM,,,
Day 2,09/16/16,,09/16/16,,TRUE,,
H Block,09/16/16,7:34:00 AM,09/16/16,8:21:00 AM,,,
A Block,09/16/16,8:25:00 AM,09/16/16,9:12:00 AM,,,
B Block,09/16/16,9:16:00 AM,09/16/16,10:03:00 AM,,,
C Block,09/16/16,10:07:00 AM,09/16/16,10:54:00 AM,,,
D Block,09/16/16,10:54:00 AM,09/16/16,12:19:00 PM,,,
E Block,09/16/16,12:23:00 PM,09/16/16,1:10:00 PM,,,
F Block,09/16/16,1:14:00 PM,09/16/16,2:02:00 PM,,,
Day 3,09/19/16,,09/19/16,,TRUE,,
G Block,09/19/16,7:34:00 AM,09/19/16,8:21:00 AM,,,
H Block,09/19/16,8:25:00 AM,09/19/16,9:12:00 AM,,,
A Block,09/19/16,9:16:00 AM,09/19/16,10:03:00 AM,,,
B Block,09/19/16,10:07:00 AM,09/19/16,10:54:00 AM,,,
C Block,09/19/16,10:54:00 AM,09/19/16,12:19:00 PM,,,
D Block,09/19/16,12:23:00 PM,09/19/16,1:10:00 PM,,,
E Block,09/19/16,1:14:00 PM,09/19/16,2:02:00 PM,,,
Day 4,09/20/16,,09/20/16,,TRUE,,
F Block,09/20/16,7:34:00 AM,09/20/16,8:21:00 AM,,,
G Block,09/20/16,8:25:00 AM,09/20/16,9:12:00 AM,,,
H Block,09/20/16,9:16:00 AM,09/20/16,10:03:00 AM,,,
A Block,09/20/16,10:07:00 AM,09/20/16,10:54:00 AM,,,
B Block,09/20/16,10:54:00 AM,09/20/16,12:19:00 PM,,,
C Block,09/20/16,12:23:00 PM,09/20/16,1:10:00 PM,,,
D Block,09/20/16,1:14:00 PM,09/20/16,2:02:00 PM,,,
Day 5,09/21/16,,09/21/16,,TRUE,,
E Block,09/21/16,7:34:00 AM,09/21/16,8:21:00 AM,,,
F Block,09/21/16,8:25:00 AM,09/21/16,9:12:00 AM,,,
G Block,09/21/16,9:16:00 AM,09/21/16,10:03:00 AM,,,
H Block,09/21/16,10:07:00 AM,09/21/16,10:54:00 AM,,,
A Block,09/21/16,10:54:00 AM,09/21/16,12:19:00 PM,,,
B Block,09/21/16,12:23:00 PM,09/21/16,1:10:00 PM,,,
C Block,09/21/16,1:14:00 PM,09/21/16,2:02:00 PM,,,
Day 6,09/22/16,,09/22/16,,TRUE,,
D Block,09/22/16,7:34:00 AM,09/22/16,8:21:00 AM,,,
E Block,09/22/16,8:25:00 AM,09/22/16,9:12:00 AM,,,
F Block,09/22/16,9:16:00 AM,09/22/16,10:03:00 AM,,,
G Block,09/22/16,10:07:00 AM,09/22/16,10:54:00 AM,,,
H Block,09/22/16,10:54:00 AM,09/22/16,12:19:00 PM,,,
A Block,09/22/16,12:23:00 PM,09/22/16,1:10:00 PM,,,
B Block,09/22/16,1:14:00 PM,09/22/16,2:02:00 PM,,,
Day 7,09/23/16,,09/23/16,,TRUE,,
C Block,09/23/16,7:34:00 AM,09/23/16,8:21:00 AM,,,
D Block,09/23/16,8:25:00 AM,09/23/16,9:12:00 AM,,,
E Block,09/23/16,9:16:00 AM,09/23/16,10:03:00 AM,,,
F Block,09/23/16,10:07:00 AM,09/23/16,10:54:00 AM,,,
G Block,09/23/16,10:54:00 AM,09/23/16,12:19:00 PM,,,
H Block,09/23/16,12:23:00 PM,09/23/16,1:10:00 PM,,,
A Block,09/23/16,1:14:00 PM,09/23/16,2:02:00 PM,,,
Day 8,09/26/16,,09/26/16,,TRUE,,
B Block,09/26/16,7:34:00 AM,09/26/16,8:21:00 AM,,,
C Block,09/26/16,8:25:00 AM,09/26/16,9:12:00 AM,,,
D Block,09/26/16,9:16:00 AM,09/26/16,10:03:00 AM,,,
E Block,09/26/16,10:07:00 AM,09/26/16,10:54:00 AM,,,
F Block,09/26/16,10:54:00 AM,09/26/16,12:19:00 PM,,,
G Block,09/26/16,12:23:00 PM,09/26/16,1:10:00 PM,,,
H Block,09/26/16,1:14:00 PM,09/26/16,2:02:00 PM,,,
Day 1,09/27/16,,09/27/16,,TRUE,,
A Block,09/27/16,7:34:00 AM,09/27/16,8:21:00 AM,,,
B Block,09/27/16,8:25:00 AM,09/27/16,9:12:00 AM,,,
C Block,09/27/16,9:16:00 AM,09/27/16,10:03:00 AM,,,
D Block,09/27/16,10:07:00 AM,09/27/16,10:54:00 AM,,,
E Block,09/27/16,10:54:00 AM,09/27/16,12:19:00 PM,,,
F Block,09/27/16,12:23:00 PM,09/27/16,1:10:00 PM,,,
G Block,09/27/16,1:14:00 PM,09/27/16,2:02:00 PM,,,
Day 2 (Early Release),09/28/16,,09/28/16,,TRUE,,
H Block,09/28/16,7:34:00 AM,09/28/16,8:08:00 AM,,,
A Block,09/28/16,8:12:00 AM,09/28/16,8:45:00 AM,,,
B Block,09/28/16,8:49:00 AM,09/28/16,9:23:00 AM,,,
C Block,09/28/16,9:27:00 AM,09/28/16,10:00:00 AM,,,
D Block,09/28/16,10:04:00 AM,09/28/16,10:38:00 AM,,,
E Block,09/28/16,10:42:00 AM,09/28/16,11:15:00 AM,,,
F Block,09/28/16,11:15:00 AM,09/28/16,12:42:00 PM,,,
Day 3,09/29/16,,09/29/16,,TRUE,,
G Block,09/29/16,7:34:00 AM,09/29/16,8:21:00 AM,,,
H Block,09/29/16,8:25:00 AM,09/29/16,9:12:00 AM,,,
A Block,09/29/16,9:16:00 AM,09/29/16,10:03:00 AM,,,
B Block,09/29/16,10:07:00 AM,09/29/16,10:54:00 AM,,,
C Block,09/29/16,10:54:00 AM,09/29/16,12:19:00 PM,,,
D Block,09/29/16,12:23:00 PM,09/29/16,1:10:00 PM,,,
E Block,09/29/16,1:14:00 PM,09/29/16,2:02:00 PM,,,
Day 4,09/30/16,,09/30/16,,TRUE,,
F Block,09/30/16,7:34:00 AM,09/30/16,8:21:00 AM,,,
G Block,09/30/16,8:25:00 AM,09/30/16,9:12:00 AM,,,
H Block,09/30/16,9:16:00 AM,09/30/16,10:03:00 AM,,,
A Block,09/30/16,10:07:00 AM,09/30/16,10:54:00 AM,,,
B Block,09/30/16,10:54:00 AM,09/30/16,12:19:00 PM,,,
C Block,09/30/16,12:23:00 PM,09/30/16,1:10:00 PM,,,
D Block,09/30/16,1:14:00 PM,09/30/16,2:02:00 PM,,,
Day 5,10/03/16,,10/03/16,,TRUE,,
E Block,10/03/16,7:34:00 AM,10/03/16,8:21:00 AM,,,
F Block,10/03/16,8:25:00 AM,10/03/16,9:12:00 AM,,,
G Block,10/03/16,9:16:00 AM,10/03/16,10:03:00 AM,,,
H Block,10/03/16,10:07:00 AM,10/03/16,10:54:00 AM,,,
A Block,10/03/16,10:54:00 AM,10/03/16,12:19:00 PM,,,
B Block,10/03/16,12:23:00 PM,10/03/16,1:10:00 PM,,,
C Block,10/03/16,1:14:00 PM,10/03/16,2:02:00 PM,,,
Day 6,10/04/16,,10/04/16,,TRUE,,
D Block,10/04/16,7:34:00 AM,10/04/16,8:21:00 AM,,,
E Block,10/04/16,8:25:00 AM,10/04/16,9:12:00 AM,,,
F Block,10/04/16,9:16:00 AM,10/04/16,10:03:00 AM,,,
G Block,10/04/16,10:07:00 AM,10/04/16,10:54:00 AM,,,
H Block,10/04/16,10:54:00 AM,10/04/16,12:19:00 PM,,,
A Block,10/04/16,12:23:00 PM,10/04/16,1:10:00 PM,,,
B Block,10/04/16,1:14:00 PM,10/04/16,2:02:00 PM,,,
Day 7 (Early Release),10/05/16,,10/05/16,,TRUE,,
C Block,10/05/16,7:34:00 AM,10/05/16,8:08:00 AM,,,
D Block,10/05/16,8:12:00 AM,10/05/16,8:45:00 AM,,,
E Block,10/05/16,8:49:00 AM,10/05/16,9:23:00 AM,,,
F Block,10/05/16,9:27:00 AM,10/05/16,10:00:00 AM,,,
G Block,10/05/16,10:04:00 AM,10/05/16,10:38:00 AM,,,
H Block,10/05/16,10:42:00 AM,10/05/16,11:15:00 AM,,,
A Block,10/05/16,11:15:00 AM,10/05/16,12:42:00 PM,,,
Day 8,10/06/16,,10/06/16,,TRUE,,
B Block,10/06/16,7:34:00 AM,10/06/16,8:21:00 AM,,,
C Block,10/06/16,8:25:00 AM,10/06/16,9:12:00 AM,,,
D Block,10/06/16,9:16:00 AM,10/06/16,10:03:00 AM,,,
E Block,10/06/16,10:07:00 AM,10/06/16,10:54:00 AM,,,
F Block,10/06/16,10:54:00 AM,10/06/16,12:19:00 PM,,,
G Block,10/06/16,12:23:00 PM,10/06/16,1:10:00 PM,,,
H Block,10/06/16,1:14:00 PM,10/06/16,2:02:00 PM,,,
Day 1,10/07/16,,10/07/16,,TRUE,,
A Block,10/07/16,7:34:00 AM,10/07/16,8:21:00 AM,,,
B Block,10/07/16,8:25:00 AM,10/07/16,9:12:00 AM,,,
C Block,10/07/16,9:16:00 AM,10/07/16,10:03:00 AM,,,
D Block,10/07/16,10:07:00 AM,10/07/16,10:54:00 AM,,,
E Block,10/07/16,10:54:00 AM,10/07/16,12:19:00 PM,,,
F Block,10/07/16,12:23:00 PM,10/07/16,1:10:00 PM,,,
G Block,10/07/16,1:14:00 PM,10/07/16,2:02:00 PM,,,
Columbus Day,10/10/16,,10/10/16,,TRUE,,
Day 2,10/11/16,,10/11/16,,TRUE,,
H Block,10/11/16,7:34:00 AM,10/11/16,8:21:00 AM,,,
A Block,10/11/16,8:25:00 AM,10/11/16,9:12:00 AM,,,
B Block,10/11/16,9:16:00 AM,10/11/16,10:03:00 AM,,,
C Block,10/11/16,10:07:00 AM,10/11/16,10:54:00 AM,,,
D Block,10/11/16,10:54:00 AM,10/11/16,12:19:00 PM,,,
E Block,10/11/16,12:23:00 PM,10/11/16,1:10:00 PM,,,
F Block,10/11/16,1:14:00 PM,10/11/16,2:02:00 PM,,,
Yom Kippur,10/12/16,,10/12/16,,TRUE,,
Day 3,10/13/16,,10/13/16,,TRUE,,
G Block,10/13/16,7:34:00 AM,10/13/16,8:21:00 AM,,,
H Block,10/13/16,8:25:00 AM,10/13/16,9:12:00 AM,,,
A Block,10/13/16,9:16:00 AM,10/13/16,10:03:00 AM,,,
B Block,10/13/16,10:07:00 AM,10/13/16,10:54:00 AM,,,
C Block,10/13/16,10:54:00 AM,10/13/16,12:19:00 PM,,,
D Block,10/13/16,12:23:00 PM,10/13/16,1:10:00 PM,,,
E Block,10/13/16,1:14:00 PM,10/13/16,2:02:00 PM,,,
Day 4,10/14/16,,10/14/16,,TRUE,,
F Block,10/14/16,7:34:00 AM,10/14/16,8:21:00 AM,,,
G Block,10/14/16,8:25:00 AM,10/14/16,9:12:00 AM,,,
H Block,10/14/16,9:16:00 AM,10/14/16,10:03:00 AM,,,
A Block,10/14/16,10:07:00 AM,10/14/16,10:54:00 AM,,,
B Block,10/14/16,10:54:00 AM,10/14/16,12:19:00 PM,,,
C Block,10/14/16,12:23:00 PM,10/14/16,1:10:00 PM,,,
D Block,10/14/16,1:14:00 PM,10/14/16,2:02:00 PM,,,
Day 5,10/17/16,,10/17/16,,TRUE,,
E Block,10/17/16,7:34:00 AM,10/17/16,8:21:00 AM,,,
F Block,10/17/16,8:25:00 AM,10/17/16,9:12:00 AM,,,
G Block,10/17/16,9:16:00 AM,10/17/16,10:03:00 AM,,,
H Block,10/17/16,10:07:00 AM,10/17/16,10:54:00 AM,,,
A Block,10/17/16,10:54:00 AM,10/17/16,12:19:00 PM,,,
B Block,10/17/16,12:23:00 PM,10/17/16,1:10:00 PM,,,
C Block,10/17/16,1:14:00 PM,10/17/16,2:02:00 PM,,,
Day 6,10/18/16,,10/18/16,,TRUE,,
D Block,10/18/16,7:34:00 AM,10/18/16,8:21:00 AM,,,
E Block,10/18/16,8:25:00 AM,10/18/16,9:12:00 AM,,,
F Block,10/18/16,9:16:00 AM,10/18/16,10:03:00 AM,,,
G Block,10/18/16,10:07:00 AM,10/18/16,10:54:00 AM,,,
H Block,10/18/16,10:54:00 AM,10/18/16,12:19:00 PM,,,
A Block,10/18/16,12:23:00 PM,10/18/16,1:10:00 PM,,,
B Block,10/18/16,1:14:00 PM,10/18/16,2:02:00 PM,,,
Day 7 (Early Release),10/19/16,,10/19/16,,TRUE,,
C Block,10/19/16,7:34:00 AM,10/19/16,8:08:00 AM,,,
D Block,10/19/16,8:12:00 AM,10/19/16,8:45:00 AM,,,
E Block,10/19/16,8:49:00 AM,10/19/16,9:23:00 AM,,,
F Block,10/19/16,9:27:00 AM,10/19/16,10:00:00 AM,,,
G Block,10/19/16,10:04:00 AM,10/19/16,10:38:00 AM,,,
H Block,10/19/16,10:42:00 AM,10/19/16,11:15:00 AM,,,
A Block,10/19/16,11:15:00 AM,10/19/16,12:42:00 PM,,,
Day 8,10/20/16,,10/20/16,,TRUE,,
B Block,10/20/16,7:34:00 AM,10/20/16,8:21:00 AM,,,
C Block,10/20/16,8:25:00 AM,10/20/16,9:12:00 AM,,,
D Block,10/20/16,9:16:00 AM,10/20/16,10:03:00 AM,,,
E Block,10/20/16,10:07:00 AM,10/20/16,10:54:00 AM,,,
F Block,10/20/16,10:54:00 AM,10/20/16,12:19:00 PM,,,
G Block,10/20/16,12:23:00 PM,10/20/16,1:10:00 PM,,,
H Block,10/20/16,1:14:00 PM,10/20/16,2:02:00 PM,,,
Day 1,10/21/16,,10/21/16,,TRUE,,
A Block,10/21/16,7:34:00 AM,10/21/16,8:21:00 AM,,,
B Block,10/21/16,8:25:00 AM,10/21/16,9:12:00 AM,,,
C Block,10/21/16,9:16:00 AM,10/21/16,10:03:00 AM,,,
D Block,10/21/16,10:07:00 AM,10/21/16,10:54:00 AM,,,
E Block,10/21/16,10:54:00 AM,10/21/16,12:19:00 PM,,,
F Block,10/21/16,12:23:00 PM,10/21/16,1:10:00 PM,,,
G Block,10/21/16,1:14:00 PM,10/21/16,2:02:00 PM,,,
Day 2,10/24/16,,10/24/16,,TRUE,,
H Block,10/24/16,7:34:00 AM,10/24/16,8:21:00 AM,,,
A Block,10/24/16,8:25:00 AM,10/24/16,9:12:00 AM,,,
B Block,10/24/16,9:16:00 AM,10/24/16,10:03:00 AM,,,
C Block,10/24/16,10:07:00 AM,10/24/16,10:54:00 AM,,,
D Block,10/24/16,10:54:00 AM,10/24/16,12:19:00 PM,,,
E Block,10/24/16,12:23:00 PM,10/24/16,1:10:00 PM,,,
F Block,10/24/16,1:14:00 PM,10/24/16,2:02:00 PM,,,
Day 3,10/25/16,,10/25/16,,TRUE,,
G Block,10/25/16,7:34:00 AM,10/25/16,8:21:00 AM,,,
H Block,10/25/16,8:25:00 AM,10/25/16,9:12:00 AM,,,
A Block,10/25/16,9:16:00 AM,10/25/16,10:03:00 AM,,,
B Block,10/25/16,10:07:00 AM,10/25/16,10:54:00 AM,,,
C Block,10/25/16,10:54:00 AM,10/25/16,12:19:00 PM,,,
D Block,10/25/16,12:23:00 PM,10/25/16,1:10:00 PM,,,
E Block,10/25/16,1:14:00 PM,10/25/16,2:02:00 PM,,,
Day 4,10/26/16,,10/26/16,,TRUE,,
F Block,10/26/16,7:34:00 AM,10/26/16,8:21:00 AM,,,
G Block,10/26/16,8:25:00 AM,10/26/16,9:12:00 AM,,,
H Block,10/26/16,9:16:00 AM,10/26/16,10:03:00 AM,,,
A Block,10/26/16,10:07:00 AM,10/26/16,10:54:00 AM,,,
B Block,10/26/16,10:54:00 AM,10/26/16,12:19:00 PM,,,
C Block,10/26/16,12:23:00 PM,10/26/16,1:10:00 PM,,,
D Block,10/26/16,1:14:00 PM,10/26/16,2:02:00 PM,,,
Day 5,10/27/16,,10/27/16,,TRUE,,
E Block,10/27/16,7:34:00 AM,10/27/16,8:21:00 AM,,,
F Block,10/27/16,8:25:00 AM,10/27/16,9:12:00 AM,,,
G Block,10/27/16,9:16:00 AM,10/27/16,10:03:00 AM,,,
H Block,10/27/16,10:07:00 AM,10/27/16,10:54:00 AM,,,
A Block,10/27/16,10:54:00 AM,10/27/16,12:19:00 PM,,,
B Block,10/27/16,12:23:00 PM,10/27/16,1:10:00 PM,,,
C Block,10/27/16,1:14:00 PM,10/27/16,2:02:00 PM,,,
Day 6,10/28/16,,10/28/16,,TRUE,,
D Block,10/28/16,7:34:00 AM,10/28/16,8:21:00 AM,,,
E Block,10/28/16,8:25:00 AM,10/28/16,9:12:00 AM,,,
F Block,10/28/16,9:16:00 AM,10/28/16,10:03:00 AM,,,
G Block,10/28/16,10:07:00 AM,10/28/16,10:54:00 AM,,,
H Block,10/28/16,10:54:00 AM,10/28/16,12:19:00 PM,,,
A Block,10/28/16,12:23:00 PM,10/28/16,1:10:00 PM,,,
B Block,10/28/16,1:14:00 PM,10/28/16,2:02:00 PM,,,
Day 7,10/31/16,,10/31/16,,TRUE,,
C Block,10/31/16,7:34:00 AM,10/31/16,8:21:00 AM,,,
D Block,10/31/16,8:25:00 AM,10/31/16,9:12:00 AM,,,
E Block,10/31/16,9:16:00 AM,10/31/16,10:03:00 AM,,,
F Block,10/31/16,10:07:00 AM,10/31/16,10:54:00 AM,,,
G Block,10/31/16,10:54:00 AM,10/31/16,12:19:00 PM,,,
H Block,10/31/16,12:23:00 PM,10/31/16,1:10:00 PM,,,
A Block,10/31/16,1:14:00 PM,10/31/16,2:02:00 PM,,,
Day 8,11/01/16,,11/01/16,,TRUE,,
B Block,11/01/16,7:34:00 AM,11/01/16,8:21:00 AM,,,
C Block,11/01/16,8:25:00 AM,11/01/16,9:12:00 AM,,,
D Block,11/01/16,9:16:00 AM,11/01/16,10:03:00 AM,,,
E Block,11/01/16,10:07:00 AM,11/01/16,10:54:00 AM,,,
F Block,11/01/16,10:54:00 AM,11/01/16,12:19:00 PM,,,
G Block,11/01/16,12:23:00 PM,11/01/16,1:10:00 PM,,,
H Block,11/01/16,1:14:00 PM,11/01/16,2:02:00 PM,,,
Day 1 (Early Release),11/02/16,,11/02/16,,TRUE,,
A Block,11/02/16,7:34:00 AM,11/02/16,8:08:00 AM,,,
B Block,11/02/16,8:12:00 AM,11/02/16,8:45:00 AM,,,
C Block,11/02/16,8:49:00 AM,11/02/16,9:23:00 AM,,,
D Block,11/02/16,9:27:00 AM,11/02/16,10:00:00 AM,,,
E Block,11/02/16,10:04:00 AM,11/02/16,10:38:00 AM,,,
F Block,11/02/16,10:42:00 AM,11/02/16,11:15:00 AM,,,
G Block,11/02/16,11:15:00 AM,11/02/16,12:42:00 PM,,,
Day 2,11/03/16,,11/03/16,,TRUE,,
H Block,11/03/16,7:34:00 AM,11/03/16,8:21:00 AM,,,
A Block,11/03/16,8:25:00 AM,11/03/16,9:12:00 AM,,,
B Block,11/03/16,9:16:00 AM,11/03/16,10:03:00 AM,,,
C Block,11/03/16,10:07:00 AM,11/03/16,10:54:00 AM,,,
D Block,11/03/16,10:54:00 AM,11/03/16,12:19:00 PM,,,
E Block,11/03/16,12:23:00 PM,11/03/16,1:10:00 PM,,,
F Block,11/03/16,1:14:00 PM,11/03/16,2:02:00 PM,,,
Day 3,11/04/16,,11/04/16,,TRUE,,
G Block,11/04/16,7:34:00 AM,11/04/16,8:21:00 AM,,,
H Block,11/04/16,8:25:00 AM,11/04/16,9:12:00 AM,,,
A Block,11/04/16,9:16:00 AM,11/04/16,10:03:00 AM,,,
B Block,11/04/16,10:07:00 AM,11/04/16,10:54:00 AM,,,
C Block,11/04/16,10:54:00 AM,11/04/16,12:19:00 PM,,,
D Block,11/04/16,12:23:00 PM,11/04/16,1:10:00 PM,,,
E Block,11/04/16,1:14:00 PM,11/04/16,2:02:00 PM,,,
Day 4,11/07/16,,11/07/16,,TRUE,,
F Block,11/07/16,7:34:00 AM,11/07/16,8:21:00 AM,,,
G Block,11/07/16,8:25:00 AM,11/07/16,9:12:00 AM,,,
H Block,11/07/16,9:16:00 AM,11/07/16,10:03:00 AM,,,
A Block,11/07/16,10:07:00 AM,11/07/16,10:54:00 AM,,,
B Block,11/07/16,10:54:00 AM,11/07/16,12:19:00 PM,,,
C Block,11/07/16,12:23:00 PM,11/07/16,1:10:00 PM,,,
D Block,11/07/16,1:14:00 PM,11/07/16,2:02:00 PM,,,
Inservice,11/08/16,,11/08/16,,TRUE,,
Day 5,11/09/16,,11/09/16,,TRUE,,
E Block,11/09/16,7:34:00 AM,11/09/16,8:21:00 AM,,,
F Block,11/09/16,8:25:00 AM,11/09/16,9:12:00 AM,,,
G Block,11/09/16,9:16:00 AM,11/09/16,10:03:00 AM,,,
H Block,11/09/16,10:07:00 AM,11/09/16,10:54:00 AM,,,
A Block,11/09/16,10:54:00 AM,11/09/16,12:19:00 PM,,,
B Block,11/09/16,12:23:00 PM,11/09/16,1:10:00 PM,,,
C Block,11/09/16,1:14:00 PM,11/09/16,2:02:00 PM,,,
Day 6,11/10/16,,11/10/16,,TRUE,,
D Block,11/10/16,7:34:00 AM,11/10/16,8:21:00 AM,,,
E Block,11/10/16,8:25:00 AM,11/10/16,9:12:00 AM,,,
F Block,11/10/16,9:16:00 AM,11/10/16,10:03:00 AM,,,
G Block,11/10/16,10:07:00 AM,11/10/16,10:54:00 AM,,,
H Block,11/10/16,10:54:00 AM,11/10/16,12:19:00 PM,,,
A Block,11/10/16,12:23:00 PM,11/10/16,1:10:00 PM,,,
B Block,11/10/16,1:14:00 PM,11/10/16,2:02:00 PM,,,
Veterans Day,11/11/16,,11/11/16,,TRUE,,
Day 7,11/14/16,,11/14/16,,TRUE,,
C Block,11/14/16,7:34:00 AM,11/14/16,8:21:00 AM,,,
D Block,11/14/16,8:25:00 AM,11/14/16,9:12:00 AM,,,
E Block,11/14/16,9:16:00 AM,11/14/16,10:03:00 AM,,,
F Block,11/14/16,10:07:00 AM,11/14/16,10:54:00 AM,,,
G Block,11/14/16,10:54:00 AM,11/14/16,12:19:00 PM,,,
H Block,11/14/16,12:23:00 PM,11/14/16,1:10:00 PM,,,
A Block,11/14/16,1:14:00 PM,11/14/16,2:02:00 PM,,,
Day 8,11/15/16,,11/15/16,,TRUE,,
B Block,11/15/16,7:34:00 AM,11/15/16,8:21:00 AM,,,
C Block,11/15/16,8:25:00 AM,11/15/16,9:12:00 AM,,,
D Block,11/15/16,9:16:00 AM,11/15/16,10:03:00 AM,,,
E Block,11/15/16,10:07:00 AM,11/15/16,10:54:00 AM,,,
F Block,11/15/16,10:54:00 AM,11/15/16,12:19:00 PM,,,
G Block,11/15/16,12:23:00 PM,11/15/16,1:10:00 PM,,,
H Block,11/15/16,1:14:00 PM,11/15/16,2:02:00 PM,,,
Day 1 (Early Release),11/16/16,,11/16/16,,TRUE,,
A Block,11/16/16,7:34:00 AM,11/16/16,8:08:00 AM,,,
B Block,11/16/16,8:12:00 AM,11/16/16,8:45:00 AM,,,
C Block,11/16/16,8:49:00 AM,11/16/16,9:23:00 AM,,,
D Block,11/16/16,9:27:00 AM,11/16/16,10:00:00 AM,,,
E Block,11/16/16,10:04:00 AM,11/16/16,10:38:00 AM,,,
F Block,11/16/16,10:42:00 AM,11/16/16,11:15:00 AM,,,
G Block,11/16/16,11:15:00 AM,11/16/16,12:42:00 PM,,,
Day 2,11/17/16,,11/17/16,,TRUE,,
H Block,11/17/16,7:34:00 AM,11/17/16,8:21:00 AM,,,
A Block,11/17/16,8:25:00 AM,11/17/16,9:12:00 AM,,,
B Block,11/17/16,9:16:00 AM,11/17/16,10:03:00 AM,,,
C Block,11/17/16,10:07:00 AM,11/17/16,10:54:00 AM,,,
D Block,11/17/16,10:54:00 AM,11/17/16,12:19:00 PM,,,
E Block,11/17/16,12:23:00 PM,11/17/16,1:10:00 PM,,,
F Block,11/17/16,1:14:00 PM,11/17/16,2:02:00 PM,,,
Day 3,11/18/16,,11/18/16,,TRUE,,
G Block,11/18/16,7:34:00 AM,11/18/16,8:21:00 AM,,,
H Block,11/18/16,8:25:00 AM,11/18/16,9:12:00 AM,,,
A Block,11/18/16,9:16:00 AM,11/18/16,10:03:00 AM,,,
B Block,11/18/16,10:07:00 AM,11/18/16,10:54:00 AM,,,
C Block,11/18/16,10:54:00 AM,11/18/16,12:19:00 PM,,,
D Block,11/18/16,12:23:00 PM,11/18/16,1:10:00 PM,,,
E Block,11/18/16,1:14:00 PM,11/18/16,2:02:00 PM,,,
Day 4,11/21/16,,11/21/16,,TRUE,,
F Block,11/21/16,7:34:00 AM,11/21/16,8:21:00 AM,,,
G Block,11/21/16,8:25:00 AM,11/21/16,9:12:00 AM,,,
H Block,11/21/16,9:16:00 AM,11/21/16,10:03:00 AM,,,
A Block,11/21/16,10:07:00 AM,11/21/16,10:54:00 AM,,,
B Block,11/21/16,10:54:00 AM,11/21/16,12:19:00 PM,,,
C Block,11/21/16,12:23:00 PM,11/21/16,1:10:00 PM,,,
D Block,11/21/16,1:14:00 PM,11/21/16,2:02:00 PM,,,
Day 5,11/22/16,,11/22/16,,TRUE,,
E Block,11/22/16,7:34:00 AM,11/22/16,8:21:00 AM,,,
F Block,11/22/16,8:25:00 AM,11/22/16,9:12:00 AM,,,
G Block,11/22/16,9:16:00 AM,11/22/16,10:03:00 AM,,,
H Block,11/22/16,10:07:00 AM,11/22/16,10:54:00 AM,,,
A Block,11/22/16,10:54:00 AM,11/22/16,12:19:00 PM,,,
B Block,11/22/16,12:23:00 PM,11/22/16,1:10:00 PM,,,
C Block,11/22/16,1:14:00 PM,11/22/16,2:02:00 PM,,,
Spirit Day,11/23/16,,11/23/16,,TRUE,,
Thanksgiving,11/24/16,,11/24/16,,TRUE,,
Break,11/25/16,,11/25/16,,TRUE,,
Day 6,11/28/16,,11/28/16,,TRUE,,
D Block,11/28/16,7:34:00 AM,11/28/16,8:21:00 AM,,,
E Block,11/28/16,8:25:00 AM,11/28/16,9:12:00 AM,,,
F Block,11/28/16,9:16:00 AM,11/28/16,10:03:00 AM,,,
G Block,11/28/16,10:07:00 AM,11/28/16,10:54:00 AM,,,
H Block,11/28/16,10:54:00 AM,11/28/16,12:19:00 PM,,,
A Block,11/28/16,12:23:00 PM,11/28/16,1:10:00 PM,,,
B Block,11/28/16,1:14:00 PM,11/28/16,2:02:00 PM,,,
Day 7,11/29/16,,11/29/16,,TRUE,,
C Block,11/29/16,7:34:00 AM,11/29/16,8:21:00 AM,,,
D Block,11/29/16,8:25:00 AM,11/29/16,9:12:00 AM,,,
E Block,11/29/16,9:16:00 AM,11/29/16,10:03:00 AM,,,
F Block,11/29/16,10:07:00 AM,11/29/16,10:54:00 AM,,,
G Block,11/29/16,10:54:00 AM,11/29/16,12:19:00 PM,,,
H Block,11/29/16,12:23:00 PM,11/29/16,1:10:00 PM,,,
A Block,11/29/16,1:14:00 PM,11/29/16,2:02:00 PM,,,
Day 8,11/30/16,,11/30/16,,TRUE,,
B Block,11/30/16,7:34:00 AM,11/30/16,8:21:00 AM,,,
C Block,11/30/16,8:25:00 AM,11/30/16,9:12:00 AM,,,
D Block,11/30/16,9:16:00 AM,11/30/16,10:03:00 AM,,,
E Block,11/30/16,10:07:00 AM,11/30/16,10:54:00 AM,,,
F Block,11/30/16,10:54:00 AM,11/30/16,12:19:00 PM,,,
G Block,11/30/16,12:23:00 PM,11/30/16,1:10:00 PM,,,
H Block,11/30/16,1:14:00 PM,11/30/16,2:02:00 PM,,,
Day 1,12/01/16,,12/01/16,,TRUE,,
A Block,12/01/16,7:34:00 AM,12/01/16,8:21:00 AM,,,
B Block,12/01/16,8:25:00 AM,12/01/16,9:12:00 AM,,,
C Block,12/01/16,9:16:00 AM,12/01/16,10:03:00 AM,,,
D Block,12/01/16,10:07:00 AM,12/01/16,10:54:00 AM,,,
E Block,12/01/16,10:54:00 AM,12/01/16,12:19:00 PM,,,
F Block,12/01/16,12:23:00 PM,12/01/16,1:10:00 PM,,,
G Block,12/01/16,1:14:00 PM,12/01/16,2:02:00 PM,,,
Day 2,12/02/16,,12/02/16,,TRUE,,
H Block,12/02/16,7:34:00 AM,12/02/16,8:21:00 AM,,,
A Block,12/02/16,8:25:00 AM,12/02/16,9:12:00 AM,,,
B Block,12/02/16,9:16:00 AM,12/02/16,10:03:00 AM,,,
C Block,12/02/16,10:07:00 AM,12/02/16,10:54:00 AM,,,
D Block,12/02/16,10:54:00 AM,12/02/16,12:19:00 PM,,,
E Block,12/02/16,12:23:00 PM,12/02/16,1:10:00 PM,,,
F Block,12/02/16,1:14:00 PM,12/02/16,2:02:00 PM,,,
Day 3,12/05/16,,12/05/16,,TRUE,,
G Block,12/05/16,7:34:00 AM,12/05/16,8:21:00 AM,,,
H Block,12/05/16,8:25:00 AM,12/05/16,9:12:00 AM,,,
A Block,12/05/16,9:16:00 AM,12/05/16,10:03:00 AM,,,
B Block,12/05/16,10:07:00 AM,12/05/16,10:54:00 AM,,,
C Block,12/05/16,10:54:00 AM,12/05/16,12:19:00 PM,,,
D Block,12/05/16,12:23:00 PM,12/05/16,1:10:00 PM,,,
E Block,12/05/16,1:14:00 PM,12/05/16,2:02:00 PM,,,
Day 4,12/06/16,,12/06/16,,TRUE,,
F Block,12/06/16,7:34:00 AM,12/06/16,8:21:00 AM,,,
G Block,12/06/16,8:25:00 AM,12/06/16,9:12:00 AM,,,
H Block,12/06/16,9:16:00 AM,12/06/16,10:03:00 AM,,,
A Block,12/06/16,10:07:00 AM,12/06/16,10:54:00 AM,,,
B Block,12/06/16,10:54:00 AM,12/06/16,12:19:00 PM,,,
C Block,12/06/16,12:23:00 PM,12/06/16,1:10:00 PM,,,
D Block,12/06/16,1:14:00 PM,12/06/16,2:02:00 PM,,,
Day 5 (Early Release),12/07/16,,12/07/16,,TRUE,,
E Block,12/07/16,7:34:00 AM,12/07/16,8:08:00 AM,,,
F Block,12/07/16,8:12:00 AM,12/07/16,8:45:00 AM,,,
G Block,12/07/16,8:49:00 AM,12/07/16,9:23:00 AM,,,
H Block,12/07/16,9:27:00 AM,12/07/16,10:00:00 AM,,,
A Block,12/07/16,10:04:00 AM,12/07/16,10:38:00 AM,,,
B Block,12/07/16,10:42:00 AM,12/07/16,11:15:00 AM,,,
C Block,12/07/16,11:15:00 AM,12/07/16,12:42:00 PM,,,
Day 6,12/08/16,,12/08/16,,TRUE,,
D Block,12/08/16,7:34:00 AM,12/08/16,8:21:00 AM,,,
E Block,12/08/16,8:25:00 AM,12/08/16,9:12:00 AM,,,
F Block,12/08/16,9:16:00 AM,12/08/16,10:03:00 AM,,,
G Block,12/08/16,10:07:00 AM,12/08/16,10:54:00 AM,,,
H Block,12/08/16,10:54:00 AM,12/08/16,12:19:00 PM,,,
A Block,12/08/16,12:23:00 PM,12/08/16,1:10:00 PM,,,
B Block,12/08/16,1:14:00 PM,12/08/16,2:02:00 PM,,,
Day 7,12/09/16,,12/09/16,,TRUE,,
C Block,12/09/16,7:34:00 AM,12/09/16,8:21:00 AM,,,
D Block,12/09/16,8:25:00 AM,12/09/16,9:12:00 AM,,,
E Block,12/09/16,9:16:00 AM,12/09/16,10:03:00 AM,,,
F Block,12/09/16,10:07:00 AM,12/09/16,10:54:00 AM,,,
G Block,12/09/16,10:54:00 AM,12/09/16,12:19:00 PM,,,
H Block,12/09/16,12:23:00 PM,12/09/16,1:10:00 PM,,,
A Block,12/09/16,1:14:00 PM,12/09/16,2:02:00 PM,,,
Day 8,12/12/16,,12/12/16,,TRUE,,
B Block,12/12/16,7:34:00 AM,12/12/16,8:21:00 AM,,,
C Block,12/12/16,8:25:00 AM,12/12/16,9:12:00 AM,,,
D Block,12/12/16,9:16:00 AM,12/12/16,10:03:00 AM,,,
E Block,12/12/16,10:07:00 AM,12/12/16,10:54:00 AM,,,
F Block,12/12/16,10:54:00 AM,12/12/16,12:19:00 PM,,,
G Block,12/12/16,12:23:00 PM,12/12/16,1:10:00 PM,,,
H Block,12/12/16,1:14:00 PM,12/12/16,2:02:00 PM,,,
Day 1,12/13/16,,12/13/16,,TRUE,,
A Block,12/13/16,7:34:00 AM,12/13/16,8:21:00 AM,,,
B Block,12/13/16,8:25:00 AM,12/13/16,9:12:00 AM,,,
C Block,12/13/16,9:16:00 AM,12/13/16,10:03:00 AM,,,
D Block,12/13/16,10:07:00 AM,12/13/16,10:54:00 AM,,,
E Block,12/13/16,10:54:00 AM,12/13/16,12:19:00 PM,,,
F Block,12/13/16,12:23:00 PM,12/13/16,1:10:00 PM,,,
G Block,12/13/16,1:14:00 PM,12/13/16,2:02:00 PM,,,
Day 2,12/14/16,,12/14/16,,TRUE,,
H Block,12/14/16,7:34:00 AM,12/14/16,8:21:00 AM,,,
A Block,12/14/16,8:25:00 AM,12/14/16,9:12:00 AM,,,
B Block,12/14/16,9:16:00 AM,12/14/16,10:03:00 AM,,,
C Block,12/14/16,10:07:00 AM,12/14/16,10:54:00 AM,,,
D Block,12/14/16,10:54:00 AM,12/14/16,12:19:00 PM,,,
E Block,12/14/16,12:23:00 PM,12/14/16,1:10:00 PM,,,
F Block,12/14/16,1:14:00 PM,12/14/16,2:02:00 PM,,,
Day 3,12/15/16,,12/15/16,,TRUE,,
G Block,12/15/16,7:34:00 AM,12/15/16,8:21:00 AM,,,
H Block,12/15/16,8:25:00 AM,12/15/16,9:12:00 AM,,,
A Block,12/15/16,9:16:00 AM,12/15/16,10:03:00 AM,,,
B Block,12/15/16,10:07:00 AM,12/15/16,10:54:00 AM,,,
C Block,12/15/16,10:54:00 AM,12/15/16,12:19:00 PM,,,
D Block,12/15/16,12:23:00 PM,12/15/16,1:10:00 PM,,,
E Block,12/15/16,1:14:00 PM,12/15/16,2:02:00 PM,,,
Day 4,12/16/16,,12/16/16,,TRUE,,
F Block,12/16/16,7:34:00 AM,12/16/16,8:21:00 AM,,,
G Block,12/16/16,8:25:00 AM,12/16/16,9:12:00 AM,,,
H Block,12/16/16,9:16:00 AM,12/16/16,10:03:00 AM,,,
A Block,12/16/16,10:07:00 AM,12/16/16,10:54:00 AM,,,
B Block,12/16/16,10:54:00 AM,12/16/16,12:19:00 PM,,,
C Block,12/16/16,12:23:00 PM,12/16/16,1:10:00 PM,,,
D Block,12/16/16,1:14:00 PM,12/16/16,2:02:00 PM,,,
Day 5,12/19/16,,12/19/16,,TRUE,,
E Block,12/19/16,7:34:00 AM,12/19/16,8:21:00 AM,,,
F Block,12/19/16,8:25:00 AM,12/19/16,9:12:00 AM,,,
G Block,12/19/16,9:16:00 AM,12/19/16,10:03:00 AM,,,
H Block,12/19/16,10:07:00 AM,12/19/16,10:54:00 AM,,,
A Block,12/19/16,10:54:00 AM,12/19/16,12:19:00 PM,,,
B Block,12/19/16,12:23:00 PM,12/19/16,1:10:00 PM,,,
C Block,12/19/16,1:14:00 PM,12/19/16,2:02:00 PM,,,
Day 6,12/20/16,,12/20/16,,TRUE,,
D Block,12/20/16,7:34:00 AM,12/20/16,8:21:00 AM,,,
E Block,12/20/16,8:25:00 AM,12/20/16,9:12:00 AM,,,
F Block,12/20/16,9:16:00 AM,12/20/16,10:03:00 AM,,,
G Block,12/20/16,10:07:00 AM,12/20/16,10:54:00 AM,,,
H Block,12/20/16,10:54:00 AM,12/20/16,12:19:00 PM,,,
A Block,12/20/16,12:23:00 PM,12/20/16,1:10:00 PM,,,
B Block,12/20/16,1:14:00 PM,12/20/16,2:02:00 PM,,,
Day 7 (Early Release),12/21/16,,12/21/16,,TRUE,,
C Block,12/21/16,7:34:00 AM,12/21/16,8:08:00 AM,,,
D Block,12/21/16,8:12:00 AM,12/21/16,8:45:00 AM,,,
E Block,12/21/16,8:49:00 AM,12/21/16,9:23:00 AM,,,
F Block,12/21/16,9:27:00 AM,12/21/16,10:00:00 AM,,,
G Block,12/21/16,10:04:00 AM,12/21/16,10:38:00 AM,,,
H Block,12/21/16,10:42:00 AM,12/21/16,11:15:00 AM,,,
A Block,12/21/16,11:15:00 AM,12/21/16,12:42:00 PM,,,
Day 8,12/22/16,,12/22/16,,TRUE,,
B Block,12/22/16,7:34:00 AM,12/22/16,8:21:00 AM,,,
C Block,12/22/16,8:25:00 AM,12/22/16,9:12:00 AM,,,
D Block,12/22/16,9:16:00 AM,12/22/16,10:03:00 AM,,,
E Block,12/22/16,10:07:00 AM,12/22/16,10:54:00 AM,,,
F Block,12/22/16,10:54:00 AM,12/22/16,12:19:00 PM,,,
G Block,12/22/16,12:23:00 PM,12/22/16,1:10:00 PM,,,
H Block,12/22/16,1:14:00 PM,12/22/16,2:02:00 PM,,,
1 (1/2 day),12/23/16,,12/23/16,,TRUE,,
Winter,12/26/16,,12/26/16,,TRUE,,
Break,01/02/17,,01/02/17,,TRUE,,
Day 2,01/03/17,,01/03/17,,TRUE,,
H Block,01/03/17,7:34:00 AM,01/03/17,8:21:00 AM,,,
A Block,01/03/17,8:25:00 AM,01/03/17,9:12:00 AM,,,
B Block,01/03/17,9:16:00 AM,01/03/17,10:03:00 AM,,,
C Block,01/03/17,10:07:00 AM,01/03/17,10:54:00 AM,,,
D Block,01/03/17,10:54:00 AM,01/03/17,12:19:00 PM,,,
E Block,01/03/17,12:23:00 PM,01/03/17,1:10:00 PM,,,
F Block,01/03/17,1:14:00 PM,01/03/17,2:02:00 PM,,,
Day 3,01/04/17,,01/04/17,,TRUE,,
G Block,01/04/17,7:34:00 AM,01/04/17,8:21:00 AM,,,
H Block,01/04/17,8:25:00 AM,01/04/17,9:12:00 AM,,,
A Block,01/04/17,9:16:00 AM,01/04/17,10:03:00 AM,,,
B Block,01/04/17,10:07:00 AM,01/04/17,10:54:00 AM,,,
C Block,01/04/17,10:54:00 AM,01/04/17,12:19:00 PM,,,
D Block,01/04/17,12:23:00 PM,01/04/17,1:10:00 PM,,,
E Block,01/04/17,1:14:00 PM,01/04/17,2:02:00 PM,,,
Day 4,01/05/17,,01/05/17,,TRUE,,
F Block,01/05/17,7:34:00 AM,01/05/17,8:21:00 AM,,,
G Block,01/05/17,8:25:00 AM,01/05/17,9:12:00 AM,,,
H Block,01/05/17,9:16:00 AM,01/05/17,10:03:00 AM,,,
A Block,01/05/17,10:07:00 AM,01/05/17,10:54:00 AM,,,
B Block,01/05/17,10:54:00 AM,01/05/17,12:19:00 PM,,,
C Block,01/05/17,12:23:00 PM,01/05/17,1:10:00 PM,,,
D Block,01/05/17,1:14:00 PM,01/05/17,2:02:00 PM,,,
Day 5,01/06/17,,01/06/17,,TRUE,,
E Block,01/06/17,7:34:00 AM,01/06/17,8:21:00 AM,,,
F Block,01/06/17,8:25:00 AM,01/06/17,9:12:00 AM,,,
G Block,01/06/17,9:16:00 AM,01/06/17,10:03:00 AM,,,
H Block,01/06/17,10:07:00 AM,01/06/17,10:54:00 AM,,,
A Block,01/06/17,10:54:00 AM,01/06/17,12:19:00 PM,,,
B Block,01/06/17,12:23:00 PM,01/06/17,1:10:00 PM,,,
C Block,01/06/17,1:14:00 PM,01/06/17,2:02:00 PM,,,
Day 6,01/09/17,,01/09/17,,TRUE,,
D Block,01/09/17,7:34:00 AM,01/09/17,8:21:00 AM,,,
E Block,01/09/17,8:25:00 AM,01/09/17,9:12:00 AM,,,
F Block,01/09/17,9:16:00 AM,01/09/17,10:03:00 AM,,,
G Block,01/09/17,10:07:00 AM,01/09/17,10:54:00 AM,,,
H Block,01/09/17,10:54:00 AM,01/09/17,12:19:00 PM,,,
A Block,01/09/17,12:23:00 PM,01/09/17,1:10:00 PM,,,
B Block,01/09/17,1:14:00 PM,01/09/17,2:02:00 PM,,,
Day 7,01/10/17,,01/10/17,,TRUE,,
C Block,01/10/17,7:34:00 AM,01/10/17,8:21:00 AM,,,
D Block,01/10/17,8:25:00 AM,01/10/17,9:12:00 AM,,,
E Block,01/10/17,9:16:00 AM,01/10/17,10:03:00 AM,,,
F Block,01/10/17,10:07:00 AM,01/10/17,10:54:00 AM,,,
G Block,01/10/17,10:54:00 AM,01/10/17,12:19:00 PM,,,
H Block,01/10/17,12:23:00 PM,01/10/17,1:10:00 PM,,,
A Block,01/10/17,1:14:00 PM,01/10/17,2:02:00 PM,,,
Day 8 (Early Release),01/11/17,,01/11/17,,TRUE,,
B Block,01/11/17,7:34:00 AM,01/11/17,8:08:00 AM,,,
C Block,01/11/17,8:12:00 AM,01/11/17,8:45:00 AM,,,
D Block,01/11/17,8:49:00 AM,01/11/17,9:23:00 AM,,,
E Block,01/11/17,9:27:00 AM,01/11/17,10:00:00 AM,,,
F Block,01/11/17,10:04:00 AM,01/11/17,10:38:00 AM,,,
G Block,01/11/17,10:42:00 AM,01/11/17,11:15:00 AM,,,
H Block,01/11/17,11:15:00 AM,01/11/17,12:42:00 PM,,,
Day 1,01/12/17,,01/12/17,,TRUE,,
A Block,01/12/17,7:34:00 AM,01/12/17,8:21:00 AM,,,
B Block,01/12/17,8:25:00 AM,01/12/17,9:12:00 AM,,,
C Block,01/12/17,9:16:00 AM,01/12/17,10:03:00 AM,,,
D Block,01/12/17,10:07:00 AM,01/12/17,10:54:00 AM,,,
E Block,01/12/17,10:54:00 AM,01/12/17,12:19:00 PM,,,
F Block,01/12/17,12:23:00 PM,01/12/17,1:10:00 PM,,,
G Block,01/12/17,1:14:00 PM,01/12/17,2:02:00 PM,,,
Day 2,01/13/17,,01/13/17,,TRUE,,
H Block,01/13/17,7:34:00 AM,01/13/17,8:21:00 AM,,,
A Block,01/13/17,8:25:00 AM,01/13/17,9:12:00 AM,,,
B Block,01/13/17,9:16:00 AM,01/13/17,10:03:00 AM,,,
C Block,01/13/17,10:07:00 AM,01/13/17,10:54:00 AM,,,
D Block,01/13/17,10:54:00 AM,01/13/17,12:19:00 PM,,,
E Block,01/13/17,12:23:00 PM,01/13/17,1:10:00 PM,,,
F Block,01/13/17,1:14:00 PM,01/13/17,2:02:00 PM,,,
MLK Day,01/16/17,,01/16/17,,TRUE,,
Exams,01/17/17,,01/17/17,,TRUE,,
Exams,01/18/17,,01/18/17,,TRUE,,
Exams,01/19/17,,01/19/17,,TRUE,,
Exams,01/20/17,,01/20/17,,TRUE,,
Day 1,01/23/17,,01/23/17,,TRUE,,
A Block,01/23/17,7:34:00 AM,01/23/17,8:21:00 AM,,,
B Block,01/23/17,8:25:00 AM,01/23/17,9:12:00 AM,,,
C Block,01/23/17,9:16:00 AM,01/23/17,10:03:00 AM,,,
D Block,01/23/17,10:07:00 AM,01/23/17,10:54:00 AM,,,
E Block,01/23/17,10:54:00 AM,01/23/17,12:19:00 PM,,,
F Block,01/23/17,12:23:00 PM,01/23/17,1:10:00 PM,,,
G Block,01/23/17,1:14:00 PM,01/23/17,2:02:00 PM,,,
Day 2,01/24/17,,01/24/17,,TRUE,,
H Block,01/24/17,7:34:00 AM,01/24/17,8:21:00 AM,,,
A Block,01/24/17,8:25:00 AM,01/24/17,9:12:00 AM,,,
B Block,01/24/17,9:16:00 AM,01/24/17,10:03:00 AM,,,
C Block,01/24/17,10:07:00 AM,01/24/17,10:54:00 AM,,,
D Block,01/24/17,10:54:00 AM,01/24/17,12:19:00 PM,,,
E Block,01/24/17,12:23:00 PM,01/24/17,1:10:00 PM,,,
F Block,01/24/17,1:14:00 PM,01/24/17,2:02:00 PM,,,
Day 3 (Early Release),01/25/17,,01/25/17,,TRUE,,
G Block,01/25/17,7:34:00 AM,01/25/17,8:08:00 AM,,,
H Block,01/25/17,8:12:00 AM,01/25/17,8:45:00 AM,,,
A Block,01/25/17,8:49:00 AM,01/25/17,9:23:00 AM,,,
B Block,01/25/17,9:27:00 AM,01/25/17,10:00:00 AM,,,
C Block,01/25/17,10:04:00 AM,01/25/17,10:38:00 AM,,,
D Block,01/25/17,10:42:00 AM,01/25/17,11:15:00 AM,,,
E Block,01/25/17,11:15:00 AM,01/25/17,12:42:00 PM,,,
Day 4,01/26/17,,01/26/17,,TRUE,,
F Block,01/26/17,7:34:00 AM,01/26/17,8:21:00 AM,,,
G Block,01/26/17,8:25:00 AM,01/26/17,9:12:00 AM,,,
H Block,01/26/17,9:16:00 AM,01/26/17,10:03:00 AM,,,
A Block,01/26/17,10:07:00 AM,01/26/17,10:54:00 AM,,,
B Block,01/26/17,10:54:00 AM,01/26/17,12:19:00 PM,,,
C Block,01/26/17,12:23:00 PM,01/26/17,1:10:00 PM,,,
D Block,01/26/17,1:14:00 PM,01/26/17,2:02:00 PM,,,
Day 5,01/27/17,,01/27/17,,TRUE,,
E Block,01/27/17,7:34:00 AM,01/27/17,8:21:00 AM,,,
F Block,01/27/17,8:25:00 AM,01/27/17,9:12:00 AM,,,
G Block,01/27/17,9:16:00 AM,01/27/17,10:03:00 AM,,,
H Block,01/27/17,10:07:00 AM,01/27/17,10:54:00 AM,,,
A Block,01/27/17,10:54:00 AM,01/27/17,12:19:00 PM,,,
B Block,01/27/17,12:23:00 PM,01/27/17,1:10:00 PM,,,
C Block,01/27/17,1:14:00 PM,01/27/17,2:02:00 PM,,,
Day 6,01/30/17,,01/30/17,,TRUE,,
D Block,01/30/17,7:34:00 AM,01/30/17,8:21:00 AM,,,
E Block,01/30/17,8:25:00 AM,01/30/17,9:12:00 AM,,,
F Block,01/30/17,9:16:00 AM,01/30/17,10:03:00 AM,,,
G Block,01/30/17,10:07:00 AM,01/30/17,10:54:00 AM,,,
H Block,01/30/17,10:54:00 AM,01/30/17,12:19:00 PM,,,
A Block,01/30/17,12:23:00 PM,01/30/17,1:10:00 PM,,,
B Block,01/30/17,1:14:00 PM,01/30/17,2:02:00 PM,,,
Day 7,01/31/17,,01/31/17,,TRUE,,
C Block,01/31/17,7:34:00 AM,01/31/17,8:21:00 AM,,,
D Block,01/31/17,8:25:00 AM,01/31/17,9:12:00 AM,,,
E Block,01/31/17,9:16:00 AM,01/31/17,10:03:00 AM,,,
F Block,01/31/17,10:07:00 AM,01/31/17,10:54:00 AM,,,
G Block,01/31/17,10:54:00 AM,01/31/17,12:19:00 PM,,,
H Block,01/31/17,12:23:00 PM,01/31/17,1:10:00 PM,,,
A Block,01/31/17,1:14:00 PM,01/31/17,2:02:00 PM,,,
Day 8 (Early Release),02/01/17,,02/01/17,,TRUE,,
B Block,02/01/17,7:34:00 AM,02/01/17,8:08:00 AM,,,
C Block,02/01/17,8:12:00 AM,02/01/17,8:45:00 AM,,,
D Block,02/01/17,8:49:00 AM,02/01/17,9:23:00 AM,,,
E Block,02/01/17,9:27:00 AM,02/01/17,10:00:00 AM,,,
F Block,02/01/17,10:04:00 AM,02/01/17,10:38:00 AM,,,
G Block,02/01/17,10:42:00 AM,02/01/17,11:15:00 AM,,,
H Block,02/01/17,11:15:00 AM,02/01/17,12:42:00 PM,,,
Day 1,02/02/17,,02/02/17,,TRUE,,
A Block,02/02/17,7:34:00 AM,02/02/17,8:21:00 AM,,,
B Block,02/02/17,8:25:00 AM,02/02/17,9:12:00 AM,,,
C Block,02/02/17,9:16:00 AM,02/02/17,10:03:00 AM,,,
D Block,02/02/17,10:07:00 AM,02/02/17,10:54:00 AM,,,
E Block,02/02/17,10:54:00 AM,02/02/17,12:19:00 PM,,,
F Block,02/02/17,12:23:00 PM,02/02/17,1:10:00 PM,,,
G Block,02/02/17,1:14:00 PM,02/02/17,2:02:00 PM,,,
Day 2,02/03/17,,02/03/17,,TRUE,,
H Block,02/03/17,7:34:00 AM,02/03/17,8:21:00 AM,,,
A Block,02/03/17,8:25:00 AM,02/03/17,9:12:00 AM,,,
B Block,02/03/17,9:16:00 AM,02/03/17,10:03:00 AM,,,
C Block,02/03/17,10:07:00 AM,02/03/17,10:54:00 AM,,,
D Block,02/03/17,10:54:00 AM,02/03/17,12:19:00 PM,,,
E Block,02/03/17,12:23:00 PM,02/03/17,1:10:00 PM,,,
F Block,02/03/17,1:14:00 PM,02/03/17,2:02:00 PM,,,
Day 3,02/06/17,,02/06/17,,TRUE,,
G Block,02/06/17,7:34:00 AM,02/06/17,8:21:00 AM,,,
H Block,02/06/17,8:25:00 AM,02/06/17,9:12:00 AM,,,
A Block,02/06/17,9:16:00 AM,02/06/17,10:03:00 AM,,,
B Block,02/06/17,10:07:00 AM,02/06/17,10:54:00 AM,,,
C Block,02/06/17,10:54:00 AM,02/06/17,12:19:00 PM,,,
D Block,02/06/17,12:23:00 PM,02/06/17,1:10:00 PM,,,
E Block,02/06/17,1:14:00 PM,02/06/17,2:02:00 PM,,,
Day 4,02/07/17,,02/07/17,,TRUE,,
F Block,02/07/17,7:34:00 AM,02/07/17,8:21:00 AM,,,
G Block,02/07/17,8:25:00 AM,02/07/17,9:12:00 AM,,,
H Block,02/07/17,9:16:00 AM,02/07/17,10:03:00 AM,,,
A Block,02/07/17,10:07:00 AM,02/07/17,10:54:00 AM,,,
B Block,02/07/17,10:54:00 AM,02/07/17,12:19:00 PM,,,
C Block,02/07/17,12:23:00 PM,02/07/17,1:10:00 PM,,,
D Block,02/07/17,1:14:00 PM,02/07/17,2:02:00 PM,,,
Day 5,02/08/17,,02/08/17,,TRUE,,
E Block,02/08/17,7:34:00 AM,02/08/17,8:21:00 AM,,,
F Block,02/08/17,8:25:00 AM,02/08/17,9:12:00 AM,,,
G Block,02/08/17,9:16:00 AM,02/08/17,10:03:00 AM,,,
H Block,02/08/17,10:07:00 AM,02/08/17,10:54:00 AM,,,
A Block,02/08/17,10:54:00 AM,02/08/17,12:19:00 PM,,,
B Block,02/08/17,12:23:00 PM,02/08/17,1:10:00 PM,,,
C Block,02/08/17,1:14:00 PM,02/08/17,2:02:00 PM,,,
Day 6,02/09/17,,02/09/17,,TRUE,,
D Block,02/09/17,7:34:00 AM,02/09/17,8:21:00 AM,,,
E Block,02/09/17,8:25:00 AM,02/09/17,9:12:00 AM,,,
F Block,02/09/17,9:16:00 AM,02/09/17,10:03:00 AM,,,
G Block,02/09/17,10:07:00 AM,02/09/17,10:54:00 AM,,,
H Block,02/09/17,10:54:00 AM,02/09/17,12:19:00 PM,,,
A Block,02/09/17,12:23:00 PM,02/09/17,1:10:00 PM,,,
B Block,02/09/17,1:14:00 PM,02/09/17,2:02:00 PM,,,
Day 7,02/10/17,,02/10/17,,TRUE,,
C Block,02/10/17,7:34:00 AM,02/10/17,8:21:00 AM,,,
D Block,02/10/17,8:25:00 AM,02/10/17,9:12:00 AM,,,
E Block,02/10/17,9:16:00 AM,02/10/17,10:03:00 AM,,,
F Block,02/10/17,10:07:00 AM,02/10/17,10:54:00 AM,,,
G Block,02/10/17,10:54:00 AM,02/10/17,12:19:00 PM,,,
H Block,02/10/17,12:23:00 PM,02/10/17,1:10:00 PM,,,
A Block,02/10/17,1:14:00 PM,02/10/17,2:02:00 PM,,,
Day 8,02/13/17,,02/13/17,,TRUE,,
B Block,02/13/17,7:34:00 AM,02/13/17,8:21:00 AM,,,
C Block,02/13/17,8:25:00 AM,02/13/17,9:12:00 AM,,,
D Block,02/13/17,9:16:00 AM,02/13/17,10:03:00 AM,,,
E Block,02/13/17,10:07:00 AM,02/13/17,10:54:00 AM,,,
F Block,02/13/17,10:54:00 AM,02/13/17,12:19:00 PM,,,
G Block,02/13/17,12:23:00 PM,02/13/17,1:10:00 PM,,,
H Block,02/13/17,1:14:00 PM,02/13/17,2:02:00 PM,,,
Day 1,02/14/17,,02/14/17,,TRUE,,
A Block,02/14/17,7:34:00 AM,02/14/17,8:21:00 AM,,,
B Block,02/14/17,8:25:00 AM,02/14/17,9:12:00 AM,,,
C Block,02/14/17,9:16:00 AM,02/14/17,10:03:00 AM,,,
D Block,02/14/17,10:07:00 AM,02/14/17,10:54:00 AM,,,
E Block,02/14/17,10:54:00 AM,02/14/17,12:19:00 PM,,,
F Block,02/14/17,12:23:00 PM,02/14/17,1:10:00 PM,,,
G Block,02/14/17,1:14:00 PM,02/14/17,2:02:00 PM,,,
Day 2 (Early Release),02/15/17,,02/15/17,,TRUE,,
H Block,02/15/17,7:34:00 AM,02/15/17,8:08:00 AM,,,
A Block,02/15/17,8:12:00 AM,02/15/17,8:45:00 AM,,,
B Block,02/15/17,8:49:00 AM,02/15/17,9:23:00 AM,,,
C Block,02/15/17,9:27:00 AM,02/15/17,10:00:00 AM,,,
D Block,02/15/17,10:04:00 AM,02/15/17,10:38:00 AM,,,
E Block,02/15/17,10:42:00 AM,02/15/17,11:15:00 AM,,,
F Block,02/15/17,11:15:00 AM,02/15/17,12:42:00 PM,,,
Day 3,02/16/17,,02/16/17,,TRUE,,
G Block,02/16/17,7:34:00 AM,02/16/17,8:21:00 AM,,,
H Block,02/16/17,8:25:00 AM,02/16/17,9:12:00 AM,,,
A Block,02/16/17,9:16:00 AM,02/16/17,10:03:00 AM,,,
B Block,02/16/17,10:07:00 AM,02/16/17,10:54:00 AM,,,
C Block,02/16/17,10:54:00 AM,02/16/17,12:19:00 PM,,,
D Block,02/16/17,12:23:00 PM,02/16/17,1:10:00 PM,,,
E Block,02/16/17,1:14:00 PM,02/16/17,2:02:00 PM,,,
Day 4,02/17/17,,02/17/17,,TRUE,,
F Block,02/17/17,7:34:00 AM,02/17/17,8:21:00 AM,,,
G Block,02/17/17,8:25:00 AM,02/17/17,9:12:00 AM,,,
H Block,02/17/17,9:16:00 AM,02/17/17,10:03:00 AM,,,
A Block,02/17/17,10:07:00 AM,02/17/17,10:54:00 AM,,,
B Block,02/17/17,10:54:00 AM,02/17/17,12:19:00 PM,,,
C Block,02/17/17,12:23:00 PM,02/17/17,1:10:00 PM,,,
D Block,02/17/17,1:14:00 PM,02/17/17,2:02:00 PM,,,
February ,02/20/17,,02/20/17,,TRUE,,
Vacation,02/24/17,,02/24/17,,TRUE,,
Day 5,02/27/17,,02/27/17,,TRUE,,
E Block,02/27/17,7:34:00 AM,02/27/17,8:21:00 AM,,,
F Block,02/27/17,8:25:00 AM,02/27/17,9:12:00 AM,,,
G Block,02/27/17,9:16:00 AM,02/27/17,10:03:00 AM,,,
H Block,02/27/17,10:07:00 AM,02/27/17,10:54:00 AM,,,
A Block,02/27/17,10:54:00 AM,02/27/17,12:19:00 PM,,,
B Block,02/27/17,12:23:00 PM,02/27/17,1:10:00 PM,,,
C Block,02/27/17,1:14:00 PM,02/27/17,2:02:00 PM,,,
Day 6,02/28/17,,02/28/17,,TRUE,,
D Block,02/28/17,7:34:00 AM,02/28/17,8:21:00 AM,,,
E Block,02/28/17,8:25:00 AM,02/28/17,9:12:00 AM,,,
F Block,02/28/17,9:16:00 AM,02/28/17,10:03:00 AM,,,
G Block,02/28/17,10:07:00 AM,02/28/17,10:54:00 AM,,,
H Block,02/28/17,10:54:00 AM,02/28/17,12:19:00 PM,,,
A Block,02/28/17,12:23:00 PM,02/28/17,1:10:00 PM,,,
B Block,02/28/17,1:14:00 PM,02/28/17,2:02:00 PM,,,
Day 7 (Early Release),03/01/17,,03/01/17,,TRUE,,
C Block,03/01/17,7:34:00 AM,03/01/17,8:08:00 AM,,,
D Block,03/01/17,8:12:00 AM,03/01/17,8:45:00 AM,,,
E Block,03/01/17,8:49:00 AM,03/01/17,9:23:00 AM,,,
F Block,03/01/17,9:27:00 AM,03/01/17,10:00:00 AM,,,
G Block,03/01/17,10:04:00 AM,03/01/17,10:38:00 AM,,,
H Block,03/01/17,10:42:00 AM,03/01/17,11:15:00 AM,,,
A Block,03/01/17,11:15:00 AM,03/01/17,12:42:00 PM,,,
Day 8,03/02/17,,03/02/17,,TRUE,,
B Block,03/02/17,7:34:00 AM,03/02/17,8:21:00 AM,,,
C Block,03/02/17,8:25:00 AM,03/02/17,9:12:00 AM,,,
D Block,03/02/17,9:16:00 AM,03/02/17,10:03:00 AM,,,
E Block,03/02/17,10:07:00 AM,03/02/17,10:54:00 AM,,,
F Block,03/02/17,10:54:00 AM,03/02/17,12:19:00 PM,,,
G Block,03/02/17,12:23:00 PM,03/02/17,1:10:00 PM,,,
H Block,03/02/17,1:14:00 PM,03/02/17,2:02:00 PM,,,
Day 1,03/03/17,,03/03/17,,TRUE,,
A Block,03/03/17,7:34:00 AM,03/03/17,8:21:00 AM,,,
B Block,03/03/17,8:25:00 AM,03/03/17,9:12:00 AM,,,
C Block,03/03/17,9:16:00 AM,03/03/17,10:03:00 AM,,,
D Block,03/03/17,10:07:00 AM,03/03/17,10:54:00 AM,,,
E Block,03/03/17,10:54:00 AM,03/03/17,12:19:00 PM,,,
F Block,03/03/17,12:23:00 PM,03/03/17,1:10:00 PM,,,
G Block,03/03/17,1:14:00 PM,03/03/17,2:02:00 PM,,,
Day 2,03/06/17,,03/06/17,,TRUE,,
H Block,03/06/17,7:34:00 AM,03/06/17,8:21:00 AM,,,
A Block,03/06/17,8:25:00 AM,03/06/17,9:12:00 AM,,,
B Block,03/06/17,9:16:00 AM,03/06/17,10:03:00 AM,,,
C Block,03/06/17,10:07:00 AM,03/06/17,10:54:00 AM,,,
D Block,03/06/17,10:54:00 AM,03/06/17,12:19:00 PM,,,
E Block,03/06/17,12:23:00 PM,03/06/17,1:10:00 PM,,,
F Block,03/06/17,1:14:00 PM,03/06/17,2:02:00 PM,,,
Day 3,03/07/17,,03/07/17,,TRUE,,
G Block,03/07/17,7:34:00 AM,03/07/17,8:21:00 AM,,,
H Block,03/07/17,8:25:00 AM,03/07/17,9:12:00 AM,,,
A Block,03/07/17,9:16:00 AM,03/07/17,10:03:00 AM,,,
B Block,03/07/17,10:07:00 AM,03/07/17,10:54:00 AM,,,
C Block,03/07/17,10:54:00 AM,03/07/17,12:19:00 PM,,,
D Block,03/07/17,12:23:00 PM,03/07/17,1:10:00 PM,,,
E Block,03/07/17,1:14:00 PM,03/07/17,2:02:00 PM,,,
Day 4,03/08/17,,03/08/17,,TRUE,,
F Block,03/08/17,7:34:00 AM,03/08/17,8:21:00 AM,,,
G Block,03/08/17,8:25:00 AM,03/08/17,9:12:00 AM,,,
H Block,03/08/17,9:16:00 AM,03/08/17,10:03:00 AM,,,
A Block,03/08/17,10:07:00 AM,03/08/17,10:54:00 AM,,,
B Block,03/08/17,10:54:00 AM,03/08/17,12:19:00 PM,,,
C Block,03/08/17,12:23:00 PM,03/08/17,1:10:00 PM,,,
D Block,03/08/17,1:14:00 PM,03/08/17,2:02:00 PM,,,
Day 5,03/09/17,,03/09/17,,TRUE,,
E Block,03/09/17,7:34:00 AM,03/09/17,8:21:00 AM,,,
F Block,03/09/17,8:25:00 AM,03/09/17,9:12:00 AM,,,
G Block,03/09/17,9:16:00 AM,03/09/17,10:03:00 AM,,,
H Block,03/09/17,10:07:00 AM,03/09/17,10:54:00 AM,,,
A Block,03/09/17,10:54:00 AM,03/09/17,12:19:00 PM,,,
B Block,03/09/17,12:23:00 PM,03/09/17,1:10:00 PM,,,
C Block,03/09/17,1:14:00 PM,03/09/17,2:02:00 PM,,,
Day 6,03/10/17,,03/10/17,,TRUE,,
D Block,03/10/17,7:34:00 AM,03/10/17,8:21:00 AM,,,
E Block,03/10/17,8:25:00 AM,03/10/17,9:12:00 AM,,,
F Block,03/10/17,9:16:00 AM,03/10/17,10:03:00 AM,,,
G Block,03/10/17,10:07:00 AM,03/10/17,10:54:00 AM,,,
H Block,03/10/17,10:54:00 AM,03/10/17,12:19:00 PM,,,
A Block,03/10/17,12:23:00 PM,03/10/17,1:10:00 PM,,,
B Block,03/10/17,1:14:00 PM,03/10/17,2:02:00 PM,,,
Day 7,03/13/17,,03/13/17,,TRUE,,
C Block,03/13/17,7:34:00 AM,03/13/17,8:21:00 AM,,,
D Block,03/13/17,8:25:00 AM,03/13/17,9:12:00 AM,,,
E Block,03/13/17,9:16:00 AM,03/13/17,10:03:00 AM,,,
F Block,03/13/17,10:07:00 AM,03/13/17,10:54:00 AM,,,
G Block,03/13/17,10:54:00 AM,03/13/17,12:19:00 PM,,,
H Block,03/13/17,12:23:00 PM,03/13/17,1:10:00 PM,,,
A Block,03/13/17,1:14:00 PM,03/13/17,2:02:00 PM,,,
Day 8,03/14/17,,03/14/17,,TRUE,,
B Block,03/14/17,7:34:00 AM,03/14/17,8:21:00 AM,,,
C Block,03/14/17,8:25:00 AM,03/14/17,9:12:00 AM,,,
D Block,03/14/17,9:16:00 AM,03/14/17,10:03:00 AM,,,
E Block,03/14/17,10:07:00 AM,03/14/17,10:54:00 AM,,,
F Block,03/14/17,10:54:00 AM,03/14/17,12:19:00 PM,,,
G Block,03/14/17,12:23:00 PM,03/14/17,1:10:00 PM,,,
H Block,03/14/17,1:14:00 PM,03/14/17,2:02:00 PM,,,
Day 1 (Early Release),03/15/17,,03/15/17,,TRUE,,
A Block,03/15/17,7:34:00 AM,03/15/17,8:08:00 AM,,,
B Block,03/15/17,8:12:00 AM,03/15/17,8:45:00 AM,,,
C Block,03/15/17,8:49:00 AM,03/15/17,9:23:00 AM,,,
D Block,03/15/17,9:27:00 AM,03/15/17,10:00:00 AM,,,
E Block,03/15/17,10:04:00 AM,03/15/17,10:38:00 AM,,,
F Block,03/15/17,10:42:00 AM,03/15/17,11:15:00 AM,,,
G Block,03/15/17,11:15:00 AM,03/15/17,12:42:00 PM,,,
Day 2,03/16/17,,03/16/17,,TRUE,,
H Block,03/16/17,7:34:00 AM,03/16/17,8:21:00 AM,,,
A Block,03/16/17,8:25:00 AM,03/16/17,9:12:00 AM,,,
B Block,03/16/17,9:16:00 AM,03/16/17,10:03:00 AM,,,
C Block,03/16/17,10:07:00 AM,03/16/17,10:54:00 AM,,,
D Block,03/16/17,10:54:00 AM,03/16/17,12:19:00 PM,,,
E Block,03/16/17,12:23:00 PM,03/16/17,1:10:00 PM,,,
F Block,03/16/17,1:14:00 PM,03/16/17,2:02:00 PM,,,
Day 3,03/17/17,,03/17/17,,TRUE,,
G Block,03/17/17,7:34:00 AM,03/17/17,8:21:00 AM,,,
H Block,03/17/17,8:25:00 AM,03/17/17,9:12:00 AM,,,
A Block,03/17/17,9:16:00 AM,03/17/17,10:03:00 AM,,,
B Block,03/17/17,10:07:00 AM,03/17/17,10:54:00 AM,,,
C Block,03/17/17,10:54:00 AM,03/17/17,12:19:00 PM,,,
D Block,03/17/17,12:23:00 PM,03/17/17,1:10:00 PM,,,
E Block,03/17/17,1:14:00 PM,03/17/17,2:02:00 PM,,,
Day 4,03/20/17,,03/20/17,,TRUE,,
F Block,03/20/17,7:34:00 AM,03/20/17,8:21:00 AM,,,
G Block,03/20/17,8:25:00 AM,03/20/17,9:12:00 AM,,,
H Block,03/20/17,9:16:00 AM,03/20/17,10:03:00 AM,,,
A Block,03/20/17,10:07:00 AM,03/20/17,10:54:00 AM,,,
B Block,03/20/17,10:54:00 AM,03/20/17,12:19:00 PM,,,
C Block,03/20/17,12:23:00 PM,03/20/17,1:10:00 PM,,,
D Block,03/20/17,1:14:00 PM,03/20/17,2:02:00 PM,,,
Day 5,03/21/17,,03/21/17,,TRUE,,
E Block,03/21/17,7:34:00 AM,03/21/17,8:21:00 AM,,,
F Block,03/21/17,8:25:00 AM,03/21/17,9:12:00 AM,,,
G Block,03/21/17,9:16:00 AM,03/21/17,10:03:00 AM,,,
H Block,03/21/17,10:07:00 AM,03/21/17,10:54:00 AM,,,
A Block,03/21/17,10:54:00 AM,03/21/17,12:19:00 PM,,,
B Block,03/21/17,12:23:00 PM,03/21/17,1:10:00 PM,,,
C Block,03/21/17,1:14:00 PM,03/21/17,2:02:00 PM,,,
Day 6,03/22/17,,03/22/17,,TRUE,,
D Block,03/22/17,7:34:00 AM,03/22/17,8:21:00 AM,,,
E Block,03/22/17,8:25:00 AM,03/22/17,9:12:00 AM,,,
F Block,03/22/17,9:16:00 AM,03/22/17,10:03:00 AM,,,
G Block,03/22/17,10:07:00 AM,03/22/17,10:54:00 AM,,,
H Block,03/22/17,10:54:00 AM,03/22/17,12:19:00 PM,,,
A Block,03/22/17,12:23:00 PM,03/22/17,1:10:00 PM,,,
B Block,03/22/17,1:14:00 PM,03/22/17,2:02:00 PM,,,
Day 7,03/23/17,,03/23/17,,TRUE,,
C Block,03/23/17,7:34:00 AM,03/23/17,8:21:00 AM,,,
D Block,03/23/17,8:25:00 AM,03/23/17,9:12:00 AM,,,
E Block,03/23/17,9:16:00 AM,03/23/17,10:03:00 AM,,,
F Block,03/23/17,10:07:00 AM,03/23/17,10:54:00 AM,,,
G Block,03/23/17,10:54:00 AM,03/23/17,12:19:00 PM,,,
H Block,03/23/17,12:23:00 PM,03/23/17,1:10:00 PM,,,
A Block,03/23/17,1:14:00 PM,03/23/17,2:02:00 PM,,,
Day 8,03/24/17,,03/24/17,,TRUE,,
B Block,03/24/17,7:34:00 AM,03/24/17,8:21:00 AM,,,
C Block,03/24/17,8:25:00 AM,03/24/17,9:12:00 AM,,,
D Block,03/24/17,9:16:00 AM,03/24/17,10:03:00 AM,,,
E Block,03/24/17,10:07:00 AM,03/24/17,10:54:00 AM,,,
F Block,03/24/17,10:54:00 AM,03/24/17,12:19:00 PM,,,
G Block,03/24/17,12:23:00 PM,03/24/17,1:10:00 PM,,,
H Block,03/24/17,1:14:00 PM,03/24/17,2:02:00 PM,,,
Day 1,03/27/17,,03/27/17,,TRUE,,
A Block,03/27/17,7:34:00 AM,03/27/17,8:21:00 AM,,,
B Block,03/27/17,8:25:00 AM,03/27/17,9:12:00 AM,,,
C Block,03/27/17,9:16:00 AM,03/27/17,10:03:00 AM,,,
D Block,03/27/17,10:07:00 AM,03/27/17,10:54:00 AM,,,
E Block,03/27/17,10:54:00 AM,03/27/17,12:19:00 PM,,,
F Block,03/27/17,12:23:00 PM,03/27/17,1:10:00 PM,,,
G Block,03/27/17,1:14:00 PM,03/27/17,2:02:00 PM,,,
Day 2,03/28/17,,03/28/17,,TRUE,,
H Block,03/28/17,7:34:00 AM,03/28/17,8:21:00 AM,,,
A Block,03/28/17,8:25:00 AM,03/28/17,9:12:00 AM,,,
B Block,03/28/17,9:16:00 AM,03/28/17,10:03:00 AM,,,
C Block,03/28/17,10:07:00 AM,03/28/17,10:54:00 AM,,,
D Block,03/28/17,10:54:00 AM,03/28/17,12:19:00 PM,,,
E Block,03/28/17,12:23:00 PM,03/28/17,1:10:00 PM,,,
F Block,03/28/17,1:14:00 PM,03/28/17,2:02:00 PM,,,
Day 3 (Early Release),03/29/17,,03/29/17,,TRUE,,
G Block,03/29/17,7:34:00 AM,03/29/17,8:08:00 AM,,,
H Block,03/29/17,8:12:00 AM,03/29/17,8:45:00 AM,,,
A Block,03/29/17,8:49:00 AM,03/29/17,9:23:00 AM,,,
B Block,03/29/17,9:27:00 AM,03/29/17,10:00:00 AM,,,
C Block,03/29/17,10:04:00 AM,03/29/17,10:38:00 AM,,,
D Block,03/29/17,10:42:00 AM,03/29/17,11:15:00 AM,,,
E Block,03/29/17,11:15:00 AM,03/29/17,12:42:00 PM,,,
Day 4,03/30/17,,03/30/17,,TRUE,,
F Block,03/30/17,7:34:00 AM,03/30/17,8:21:00 AM,,,
G Block,03/30/17,8:25:00 AM,03/30/17,9:12:00 AM,,,
H Block,03/30/17,9:16:00 AM,03/30/17,10:03:00 AM,,,
A Block,03/30/17,10:07:00 AM,03/30/17,10:54:00 AM,,,
B Block,03/30/17,10:54:00 AM,03/30/17,12:19:00 PM,,,
C Block,03/30/17,12:23:00 PM,03/30/17,1:10:00 PM,,,
D Block,03/30/17,1:14:00 PM,03/30/17,2:02:00 PM,,,
Day 5,03/31/17,,03/31/17,,TRUE,,
E Block,03/31/17,7:34:00 AM,03/31/17,8:21:00 AM,,,
F Block,03/31/17,8:25:00 AM,03/31/17,9:12:00 AM,,,
G Block,03/31/17,9:16:00 AM,03/31/17,10:03:00 AM,,,
H Block,03/31/17,10:07:00 AM,03/31/17,10:54:00 AM,,,
A Block,03/31/17,10:54:00 AM,03/31/17,12:19:00 PM,,,
B Block,03/31/17,12:23:00 PM,03/31/17,1:10:00 PM,,,
C Block,03/31/17,1:14:00 PM,03/31/17,2:02:00 PM,,,
Day 6,04/03/17,,04/03/17,,TRUE,,
D Block,04/03/17,7:34:00 AM,04/03/17,8:21:00 AM,,,
E Block,04/03/17,8:25:00 AM,04/03/17,9:12:00 AM,,,
F Block,04/03/17,9:16:00 AM,04/03/17,10:03:00 AM,,,
G Block,04/03/17,10:07:00 AM,04/03/17,10:54:00 AM,,,
H Block,04/03/17,10:54:00 AM,04/03/17,12:19:00 PM,,,
A Block,04/03/17,12:23:00 PM,04/03/17,1:10:00 PM,,,
B Block,04/03/17,1:14:00 PM,04/03/17,2:02:00 PM,,,
Day 7,04/04/17,,04/04/17,,TRUE,,
C Block,04/04/17,7:34:00 AM,04/04/17,8:21:00 AM,,,
D Block,04/04/17,8:25:00 AM,04/04/17,9:12:00 AM,,,
E Block,04/04/17,9:16:00 AM,04/04/17,10:03:00 AM,,,
F Block,04/04/17,10:07:00 AM,04/04/17,10:54:00 AM,,,
G Block,04/04/17,10:54:00 AM,04/04/17,12:19:00 PM,,,
H Block,04/04/17,12:23:00 PM,04/04/17,1:10:00 PM,,,
A Block,04/04/17,1:14:00 PM,04/04/17,2:02:00 PM,,,
Day 8,04/05/17,,04/05/17,,TRUE,,
B Block,04/05/17,7:34:00 AM,04/05/17,8:21:00 AM,,,
C Block,04/05/17,8:25:00 AM,04/05/17,9:12:00 AM,,,
D Block,04/05/17,9:16:00 AM,04/05/17,10:03:00 AM,,,
E Block,04/05/17,10:07:00 AM,04/05/17,10:54:00 AM,,,
F Block,04/05/17,10:54:00 AM,04/05/17,12:19:00 PM,,,
G Block,04/05/17,12:23:00 PM,04/05/17,1:10:00 PM,,,
H Block,04/05/17,1:14:00 PM,04/05/17,2:02:00 PM,,,
Day 2,04/06/17,,04/06/17,,TRUE,,
H Block,04/06/17,7:34:00 AM,04/06/17,8:21:00 AM,,,
A Block,04/06/17,8:25:00 AM,04/06/17,9:12:00 AM,,,
B Block,04/06/17,9:16:00 AM,04/06/17,10:03:00 AM,,,
C Block,04/06/17,10:07:00 AM,04/06/17,10:54:00 AM,,,
D Block,04/06/17,10:54:00 AM,04/06/17,12:19:00 PM,,,
E Block,04/06/17,12:23:00 PM,04/06/17,1:10:00 PM,,,
F Block,04/06/17,1:14:00 PM,04/06/17,2:02:00 PM,,,
Day 3,04/07/17,,04/07/17,,TRUE,,
G Block,04/07/17,7:34:00 AM,04/07/17,8:21:00 AM,,,
H Block,04/07/17,8:25:00 AM,04/07/17,9:12:00 AM,,,
A Block,04/07/17,9:16:00 AM,04/07/17,10:03:00 AM,,,
B Block,04/07/17,10:07:00 AM,04/07/17,10:54:00 AM,,,
C Block,04/07/17,10:54:00 AM,04/07/17,12:19:00 PM,,,
D Block,04/07/17,12:23:00 PM,04/07/17,1:10:00 PM,,,
E Block,04/07/17,1:14:00 PM,04/07/17,2:02:00 PM,,,
Day 4,04/10/17,,04/10/17,,TRUE,,
F Block,04/10/17,7:34:00 AM,04/10/17,8:21:00 AM,,,
G Block,04/10/17,8:25:00 AM,04/10/17,9:12:00 AM,,,
H Block,04/10/17,9:16:00 AM,04/10/17,10:03:00 AM,,,
A Block,04/10/17,10:07:00 AM,04/10/17,10:54:00 AM,,,
B Block,04/10/17,10:54:00 AM,04/10/17,12:19:00 PM,,,
C Block,04/10/17,12:23:00 PM,04/10/17,1:10:00 PM,,,
D Block,04/10/17,1:14:00 PM,04/10/17,2:02:00 PM,,,
Day 5,04/11/17,,04/11/17,,TRUE,,
E Block,04/11/17,7:34:00 AM,04/11/17,8:21:00 AM,,,
F Block,04/11/17,8:25:00 AM,04/11/17,9:12:00 AM,,,
G Block,04/11/17,9:16:00 AM,04/11/17,10:03:00 AM,,,
H Block,04/11/17,10:07:00 AM,04/11/17,10:54:00 AM,,,
A Block,04/11/17,10:54:00 AM,04/11/17,12:19:00 PM,,,
B Block,04/11/17,12:23:00 PM,04/11/17,1:10:00 PM,,,
C Block,04/11/17,1:14:00 PM,04/11/17,2:02:00 PM,,,
Day 5 (Early Release),04/12/17,,04/12/17,,TRUE,,
E Block,04/12/17,7:34:00 AM,04/12/17,8:08:00 AM,,,
F Block,04/12/17,8:12:00 AM,04/12/17,8:45:00 AM,,,
G Block,04/12/17,8:49:00 AM,04/12/17,9:23:00 AM,,,
H Block,04/12/17,9:27:00 AM,04/12/17,10:00:00 AM,,,
A Block,04/12/17,10:04:00 AM,04/12/17,10:38:00 AM,,,
B Block,04/12/17,10:42:00 AM,04/12/17,11:15:00 AM,,,
C Block,04/12/17,11:15:00 AM,04/12/17,12:42:00 PM,,,
Day 6,04/13/17,,04/13/17,,TRUE,,
D Block,04/13/17,7:34:00 AM,04/13/17,8:21:00 AM,,,
E Block,04/13/17,8:25:00 AM,04/13/17,9:12:00 AM,,,
F Block,04/13/17,9:16:00 AM,04/13/17,10:03:00 AM,,,
G Block,04/13/17,10:07:00 AM,04/13/17,10:54:00 AM,,,
H Block,04/13/17,10:54:00 AM,04/13/17,12:19:00 PM,,,
A Block,04/13/17,12:23:00 PM,04/13/17,1:10:00 PM,,,
B Block,04/13/17,1:14:00 PM,04/13/17,2:02:00 PM,,,
Good Friday,04/14/17,,04/14/17,,TRUE,,
Spring,04/17/17,,04/17/17,,TRUE,,
Vacation,04/21/17,,04/21/17,,TRUE,,
Day 7,04/24/17,,04/24/17,,TRUE,,
C Block,04/24/17,7:34:00 AM,04/24/17,8:21:00 AM,,,
D Block,04/24/17,8:25:00 AM,04/24/17,9:12:00 AM,,,
E Block,04/24/17,9:16:00 AM,04/24/17,10:03:00 AM,,,
F Block,04/24/17,10:07:00 AM,04/24/17,10:54:00 AM,,,
G Block,04/24/17,10:54:00 AM,04/24/17,12:19:00 PM,,,
H Block,04/24/17,12:23:00 PM,04/24/17,1:10:00 PM,,,
A Block,04/24/17,1:14:00 PM,04/24/17,2:02:00 PM,,,
Day 8,04/25/17,,04/25/17,,TRUE,,
B Block,04/25/17,7:34:00 AM,04/25/17,8:21:00 AM,,,
C Block,04/25/17,8:25:00 AM,04/25/17,9:12:00 AM,,,
D Block,04/25/17,9:16:00 AM,04/25/17,10:03:00 AM,,,
E Block,04/25/17,10:07:00 AM,04/25/17,10:54:00 AM,,,
F Block,04/25/17,10:54:00 AM,04/25/17,12:19:00 PM,,,
G Block,04/25/17,12:23:00 PM,04/25/17,1:10:00 PM,,,
H Block,04/25/17,1:14:00 PM,04/25/17,2:02:00 PM,,,
Day 1 (Early Release),04/26/17,,04/26/17,,TRUE,,
A Block,04/26/17,7:34:00 AM,04/26/17,8:08:00 AM,,,
B Block,04/26/17,8:12:00 AM,04/26/17,8:45:00 AM,,,
C Block,04/26/17,8:49:00 AM,04/26/17,9:23:00 AM,,,
D Block,04/26/17,9:27:00 AM,04/26/17,10:00:00 AM,,,
E Block,04/26/17,10:04:00 AM,04/26/17,10:38:00 AM,,,
F Block,04/26/17,10:42:00 AM,04/26/17,11:15:00 AM,,,
G Block,04/26/17,11:15:00 AM,04/26/17,12:42:00 PM,,,
Day 2,04/27/17,,04/27/17,,TRUE,,
H Block,04/27/17,7:34:00 AM,04/27/17,8:21:00 AM,,,
A Block,04/27/17,8:25:00 AM,04/27/17,9:12:00 AM,,,
B Block,04/27/17,9:16:00 AM,04/27/17,10:03:00 AM,,,
C Block,04/27/17,10:07:00 AM,04/27/17,10:54:00 AM,,,
D Block,04/27/17,10:54:00 AM,04/27/17,12:19:00 PM,,,
E Block,04/27/17,12:23:00 PM,04/27/17,1:10:00 PM,,,
F Block,04/27/17,1:14:00 PM,04/27/17,2:02:00 PM,,,
Day 3,04/28/17,,04/28/17,,TRUE,,
G Block,04/28/17,7:34:00 AM,04/28/17,8:21:00 AM,,,
H Block,04/28/17,8:25:00 AM,04/28/17,9:12:00 AM,,,
A Block,04/28/17,9:16:00 AM,04/28/17,10:03:00 AM,,,
B Block,04/28/17,10:07:00 AM,04/28/17,10:54:00 AM,,,
C Block,04/28/17,10:54:00 AM,04/28/17,12:19:00 PM,,,
D Block,04/28/17,12:23:00 PM,04/28/17,1:10:00 PM,,,
E Block,04/28/17,1:14:00 PM,04/28/17,2:02:00 PM,,,
Day 4,05/01/17,,05/01/17,,TRUE,,
F Block,05/01/17,7:34:00 AM,05/01/17,8:21:00 AM,,,
G Block,05/01/17,8:25:00 AM,05/01/17,9:12:00 AM,,,
H Block,05/01/17,9:16:00 AM,05/01/17,10:03:00 AM,,,
A Block,05/01/17,10:07:00 AM,05/01/17,10:54:00 AM,,,
B Block,05/01/17,10:54:00 AM,05/01/17,12:19:00 PM,,,
C Block,05/01/17,12:23:00 PM,05/01/17,1:10:00 PM,,,
D Block,05/01/17,1:14:00 PM,05/01/17,2:02:00 PM,,,
Day 5,05/02/17,,05/02/17,,TRUE,,
E Block,05/02/17,7:34:00 AM,05/02/17,8:21:00 AM,,,
F Block,05/02/17,8:25:00 AM,05/02/17,9:12:00 AM,,,
G Block,05/02/17,9:16:00 AM,05/02/17,10:03:00 AM,,,
H Block,05/02/17,10:07:00 AM,05/02/17,10:54:00 AM,,,
A Block,05/02/17,10:54:00 AM,05/02/17,12:19:00 PM,,,
B Block,05/02/17,12:23:00 PM,05/02/17,1:10:00 PM,,,
C Block,05/02/17,1:14:00 PM,05/02/17,2:02:00 PM,,,
Day 6,05/03/17,,05/03/17,,TRUE,,
D Block,05/03/17,7:34:00 AM,05/03/17,8:21:00 AM,,,
E Block,05/03/17,8:25:00 AM,05/03/17,9:12:00 AM,,,
F Block,05/03/17,9:16:00 AM,05/03/17,10:03:00 AM,,,
G Block,05/03/17,10:07:00 AM,05/03/17,10:54:00 AM,,,
H Block,05/03/17,10:54:00 AM,05/03/17,12:19:00 PM,,,
A Block,05/03/17,12:23:00 PM,05/03/17,1:10:00 PM,,,
B Block,05/03/17,1:14:00 PM,05/03/17,2:02:00 PM,,,
Day 7,05/04/17,,05/04/17,,TRUE,,
C Block,05/04/17,7:34:00 AM,05/04/17,8:21:00 AM,,,
D Block,05/04/17,8:25:00 AM,05/04/17,9:12:00 AM,,,
E Block,05/04/17,9:16:00 AM,05/04/17,10:03:00 AM,,,
F Block,05/04/17,10:07:00 AM,05/04/17,10:54:00 AM,,,
G Block,05/04/17,10:54:00 AM,05/04/17,12:19:00 PM,,,
H Block,05/04/17,12:23:00 PM,05/04/17,1:10:00 PM,,,
A Block,05/04/17,1:14:00 PM,05/04/17,2:02:00 PM,,,
Day 8,05/05/17,,05/05/17,,TRUE,,
B Block,05/05/17,7:34:00 AM,05/05/17,8:21:00 AM,,,
C Block,05/05/17,8:25:00 AM,05/05/17,9:12:00 AM,,,
D Block,05/05/17,9:16:00 AM,05/05/17,10:03:00 AM,,,
E Block,05/05/17,10:07:00 AM,05/05/17,10:54:00 AM,,,
F Block,05/05/17,10:54:00 AM,05/05/17,12:19:00 PM,,,
G Block,05/05/17,12:23:00 PM,05/05/17,1:10:00 PM,,,
H Block,05/05/17,1:14:00 PM,05/05/17,2:02:00 PM,,,
Day 1,05/08/17,,05/08/17,,TRUE,,
A Block,05/08/17,7:34:00 AM,05/08/17,8:21:00 AM,,,
B Block,05/08/17,8:25:00 AM,05/08/17,9:12:00 AM,,,
C Block,05/08/17,9:16:00 AM,05/08/17,10:03:00 AM,,,
D Block,05/08/17,10:07:00 AM,05/08/17,10:54:00 AM,,,
E Block,05/08/17,10:54:00 AM,05/08/17,12:19:00 PM,,,
F Block,05/08/17,12:23:00 PM,05/08/17,1:10:00 PM,,,
G Block,05/08/17,1:14:00 PM,05/08/17,2:02:00 PM,,,
Day 2,05/09/17,,05/09/17,,TRUE,,
H Block,05/09/17,7:34:00 AM,05/09/17,8:21:00 AM,,,
A Block,05/09/17,8:25:00 AM,05/09/17,9:12:00 AM,,,
B Block,05/09/17,9:16:00 AM,05/09/17,10:03:00 AM,,,
C Block,05/09/17,10:07:00 AM,05/09/17,10:54:00 AM,,,
D Block,05/09/17,10:54:00 AM,05/09/17,12:19:00 PM,,,
E Block,05/09/17,12:23:00 PM,05/09/17,1:10:00 PM,,,
F Block,05/09/17,1:14:00 PM,05/09/17,2:02:00 PM,,,
Day 3 (Early Release),05/10/17,,05/10/17,,TRUE,,
G Block,05/10/17,7:34:00 AM,05/10/17,8:08:00 AM,,,
H Block,05/10/17,8:12:00 AM,05/10/17,8:45:00 AM,,,
A Block,05/10/17,8:49:00 AM,05/10/17,9:23:00 AM,,,
B Block,05/10/17,9:27:00 AM,05/10/17,10:00:00 AM,,,
C Block,05/10/17,10:04:00 AM,05/10/17,10:38:00 AM,,,
D Block,05/10/17,10:42:00 AM,05/10/17,11:15:00 AM,,,
E Block,05/10/17,11:15:00 AM,05/10/17,12:42:00 PM,,,
Day 4,05/11/17,,05/11/17,,TRUE,,
F Block,05/11/17,7:34:00 AM,05/11/17,8:21:00 AM,,,
G Block,05/11/17,8:25:00 AM,05/11/17,9:12:00 AM,,,
H Block,05/11/17,9:16:00 AM,05/11/17,10:03:00 AM,,,
A Block,05/11/17,10:07:00 AM,05/11/17,10:54:00 AM,,,
B Block,05/11/17,10:54:00 AM,05/11/17,12:19:00 PM,,,
C Block,05/11/17,12:23:00 PM,05/11/17,1:10:00 PM,,,
D Block,05/11/17,1:14:00 PM,05/11/17,2:02:00 PM,,,
Day 5,05/12/17,,05/12/17,,TRUE,,
E Block,05/12/17,7:34:00 AM,05/12/17,8:21:00 AM,,,
F Block,05/12/17,8:25:00 AM,05/12/17,9:12:00 AM,,,
G Block,05/12/17,9:16:00 AM,05/12/17,10:03:00 AM,,,
H Block,05/12/17,10:07:00 AM,05/12/17,10:54:00 AM,,,
A Block,05/12/17,10:54:00 AM,05/12/17,12:19:00 PM,,,
B Block,05/12/17,12:23:00 PM,05/12/17,1:10:00 PM,,,
C Block,05/12/17,1:14:00 PM,05/12/17,2:02:00 PM,,,
Day 6,05/15/17,,05/15/17,,TRUE,,
D Block,05/15/17,7:34:00 AM,05/15/17,8:21:00 AM,,,
E Block,05/15/17,8:25:00 AM,05/15/17,9:12:00 AM,,,
F Block,05/15/17,9:16:00 AM,05/15/17,10:03:00 AM,,,
G Block,05/15/17,10:07:00 AM,05/15/17,10:54:00 AM,,,
H Block,05/15/17,10:54:00 AM,05/15/17,12:19:00 PM,,,
A Block,05/15/17,12:23:00 PM,05/15/17,1:10:00 PM,,,
B Block,05/15/17,1:14:00 PM,05/15/17,2:02:00 PM,,,
Day 7,05/16/17,,05/16/17,,TRUE,,
C Block,05/16/17,7:34:00 AM,05/16/17,8:21:00 AM,,,
D Block,05/16/17,8:25:00 AM,05/16/17,9:12:00 AM,,,
E Block,05/16/17,9:16:00 AM,05/16/17,10:03:00 AM,,,
F Block,05/16/17,10:07:00 AM,05/16/17,10:54:00 AM,,,
G Block,05/16/17,10:54:00 AM,05/16/17,12:19:00 PM,,,
H Block,05/16/17,12:23:00 PM,05/16/17,1:10:00 PM,,,
A Block,05/16/17,1:14:00 PM,05/16/17,2:02:00 PM,,,
Day 8,05/17/17,,05/17/17,,TRUE,,
B Block,05/17/17,7:34:00 AM,05/17/17,8:21:00 AM,,,
C Block,05/17/17,8:25:00 AM,05/17/17,9:12:00 AM,,,
D Block,05/17/17,9:16:00 AM,05/17/17,10:03:00 AM,,,
E Block,05/17/17,10:07:00 AM,05/17/17,10:54:00 AM,,,
F Block,05/17/17,10:54:00 AM,05/17/17,12:19:00 PM,,,
G Block,05/17/17,12:23:00 PM,05/17/17,1:10:00 PM,,,
H Block,05/17/17,1:14:00 PM,05/17/17,2:02:00 PM,,,
Day 1,05/18/17,,05/18/17,,TRUE,,
A Block,05/18/17,7:34:00 AM,05/18/17,8:21:00 AM,,,
B Block,05/18/17,8:25:00 AM,05/18/17,9:12:00 AM,,,
C Block,05/18/17,9:16:00 AM,05/18/17,10:03:00 AM,,,
D Block,05/18/17,10:07:00 AM,05/18/17,10:54:00 AM,,,
E Block,05/18/17,10:54:00 AM,05/18/17,12:19:00 PM,,,
F Block,05/18/17,12:23:00 PM,05/18/17,1:10:00 PM,,,
G Block,05/18/17,1:14:00 PM,05/18/17,2:02:00 PM,,,
Day 2,05/19/17,,05/19/17,,TRUE,,
H Block,05/19/17,7:34:00 AM,05/19/17,8:21:00 AM,,,
A Block,05/19/17,8:25:00 AM,05/19/17,9:12:00 AM,,,
B Block,05/19/17,9:16:00 AM,05/19/17,10:03:00 AM,,,
C Block,05/19/17,10:07:00 AM,05/19/17,10:54:00 AM,,,
D Block,05/19/17,10:54:00 AM,05/19/17,12:19:00 PM,,,
E Block,05/19/17,12:23:00 PM,05/19/17,1:10:00 PM,,,
F Block,05/19/17,1:14:00 PM,05/19/17,2:02:00 PM,,,
Day 3,05/22/17,,05/22/17,,TRUE,,
G Block,05/22/17,7:34:00 AM,05/22/17,8:21:00 AM,,,
H Block,05/22/17,8:25:00 AM,05/22/17,9:12:00 AM,,,
A Block,05/22/17,9:16:00 AM,05/22/17,10:03:00 AM,,,
B Block,05/22/17,10:07:00 AM,05/22/17,10:54:00 AM,,,
C Block,05/22/17,10:54:00 AM,05/22/17,12:19:00 PM,,,
D Block,05/22/17,12:23:00 PM,05/22/17,1:10:00 PM,,,
E Block,05/22/17,1:14:00 PM,05/22/17,2:02:00 PM,,,
Day 4,05/23/17,,05/23/17,,TRUE,,
F Block,05/23/17,7:34:00 AM,05/23/17,8:21:00 AM,,,
G Block,05/23/17,8:25:00 AM,05/23/17,9:12:00 AM,,,
H Block,05/23/17,9:16:00 AM,05/23/17,10:03:00 AM,,,
A Block,05/23/17,10:07:00 AM,05/23/17,10:54:00 AM,,,
B Block,05/23/17,10:54:00 AM,05/23/17,12:19:00 PM,,,
C Block,05/23/17,12:23:00 PM,05/23/17,1:10:00 PM,,,
D Block,05/23/17,1:14:00 PM,05/23/17,2:02:00 PM,,,
Day 5 (Early Release),05/24/17,,05/24/17,,TRUE,,
E Block,05/24/17,7:34:00 AM,05/24/17,8:08:00 AM,,,
F Block,05/24/17,8:12:00 AM,05/24/17,8:45:00 AM,,,
G Block,05/24/17,8:49:00 AM,05/24/17,9:23:00 AM,,,
H Block,05/24/17,9:27:00 AM,05/24/17,10:00:00 AM,,,
A Block,05/24/17,10:04:00 AM,05/24/17,10:38:00 AM,,,
B Block,05/24/17,10:42:00 AM,05/24/17,11:15:00 AM,,,
C Block,05/24/17,11:15:00 AM,05/24/17,12:42:00 PM,,,
Day 6,05/25/17,,05/25/17,,TRUE,,
D Block,05/25/17,7:34:00 AM,05/25/17,8:21:00 AM,,,
E Block,05/25/17,8:25:00 AM,05/25/17,9:12:00 AM,,,
F Block,05/25/17,9:16:00 AM,05/25/17,10:03:00 AM,,,
G Block,05/25/17,10:07:00 AM,05/25/17,10:54:00 AM,,,
H Block,05/25/17,10:54:00 AM,05/25/17,12:19:00 PM,,,
A Block,05/25/17,12:23:00 PM,05/25/17,1:10:00 PM,,,
B Block,05/25/17,1:14:00 PM,05/25/17,2:02:00 PM,,,
Day 7,05/26/17,,05/26/17,,TRUE,,
C Block,05/26/17,7:34:00 AM,05/26/17,8:21:00 AM,,,
D Block,05/26/17,8:25:00 AM,05/26/17,9:12:00 AM,,,
E Block,05/26/17,9:16:00 AM,05/26/17,10:03:00 AM,,,
F Block,05/26/17,10:07:00 AM,05/26/17,10:54:00 AM,,,
G Block,05/26/17,10:54:00 AM,05/26/17,12:19:00 PM,,,
H Block,05/26/17,12:23:00 PM,05/26/17,1:10:00 PM,,,
A Block,05/26/17,1:14:00 PM,05/26/17,2:02:00 PM,,,
Memorial Day,05/29/17,,05/29/17,,TRUE,,
Day 8,05/30/17,,05/30/17,,TRUE,,
B Block,05/30/17,7:34:00 AM,05/30/17,8:21:00 AM,,,
C Block,05/30/17,8:25:00 AM,05/30/17,9:12:00 AM,,,
D Block,05/30/17,9:16:00 AM,05/30/17,10:03:00 AM,,,
E Block,05/30/17,10:07:00 AM,05/30/17,10:54:00 AM,,,
F Block,05/30/17,10:54:00 AM,05/30/17,12:19:00 PM,,,
G Block,05/30/17,12:23:00 PM,05/30/17,1:10:00 PM,,,
H Block,05/30/17,1:14:00 PM,05/30/17,2:02:00 PM,,,
Day 1,05/31/17,,05/31/17,,TRUE,,
A Block,05/31/17,7:34:00 AM,05/31/17,8:21:00 AM,,,
B Block,05/31/17,8:25:00 AM,05/31/17,9:12:00 AM,,,
C Block,05/31/17,9:16:00 AM,05/31/17,10:03:00 AM,,,
D Block,05/31/17,10:07:00 AM,05/31/17,10:54:00 AM,,,
E Block,05/31/17,10:54:00 AM,05/31/17,12:19:00 PM,,,
F Block,05/31/17,12:23:00 PM,05/31/17,1:10:00 PM,,,
G Block,05/31/17,1:14:00 PM,05/31/17,2:02:00 PM,,,
Day 2,06/01/17,,06/01/17,,TRUE,,
H Block,06/01/17,7:34:00 AM,06/01/17,8:21:00 AM,,,
A Block,06/01/17,8:25:00 AM,06/01/17,9:12:00 AM,,,
B Block,06/01/17,9:16:00 AM,06/01/17,10:03:00 AM,,,
C Block,06/01/17,10:07:00 AM,06/01/17,10:54:00 AM,,,
D Block,06/01/17,10:54:00 AM,06/01/17,12:19:00 PM,,,
E Block,06/01/17,12:23:00 PM,06/01/17,1:10:00 PM,,,
F Block,06/01/17,1:14:00 PM,06/01/17,2:02:00 PM,,,
Day 3,06/02/17,,06/02/17,,TRUE,,
G Block,06/02/17,7:34:00 AM,06/02/17,8:21:00 AM,,,
H Block,06/02/17,8:25:00 AM,06/02/17,9:12:00 AM,,,
A Block,06/02/17,9:16:00 AM,06/02/17,10:03:00 AM,,,
B Block,06/02/17,10:07:00 AM,06/02/17,10:54:00 AM,,,
C Block,06/02/17,10:54:00 AM,06/02/17,12:19:00 PM,,,
D Block,06/02/17,12:23:00 PM,06/02/17,1:10:00 PM,,,
E Block,06/02/17,1:14:00 PM,06/02/17,2:02:00 PM,,,
Day 4,06/05/17,,06/05/17,,TRUE,,
F Block,06/05/17,7:34:00 AM,06/05/17,8:21:00 AM,,,
G Block,06/05/17,8:25:00 AM,06/05/17,9:12:00 AM,,,
H Block,06/05/17,9:16:00 AM,06/05/17,10:03:00 AM,,,
A Block,06/05/17,10:07:00 AM,06/05/17,10:54:00 AM,,,
B Block,06/05/17,10:54:00 AM,06/05/17,12:19:00 PM,,,
C Block,06/05/17,12:23:00 PM,06/05/17,1:10:00 PM,,,
D Block,06/05/17,1:14:00 PM,06/05/17,2:02:00 PM,,,
Day 5,06/06/17,,06/06/17,,TRUE,,
E Block,06/06/17,7:34:00 AM,06/06/17,8:21:00 AM,,,
F Block,06/06/17,8:25:00 AM,06/06/17,9:12:00 AM,,,
G Block,06/06/17,9:16:00 AM,06/06/17,10:03:00 AM,,,
H Block,06/06/17,10:07:00 AM,06/06/17,10:54:00 AM,,,
A Block,06/06/17,10:54:00 AM,06/06/17,12:19:00 PM,,,
B Block,06/06/17,12:23:00 PM,06/06/17,1:10:00 PM,,,
C Block,06/06/17,1:14:00 PM,06/06/17,2:02:00 PM,,,
Day 6 (Early Release),06/07/17,,06/07/17,,TRUE,,
D Block,06/07/17,7:34:00 AM,06/07/17,8:08:00 AM,,,
E Block,06/07/17,8:12:00 AM,06/07/17,8:45:00 AM,,,
F Block,06/07/17,8:49:00 AM,06/07/17,9:23:00 AM,,,
G Block,06/07/17,9:27:00 AM,06/07/17,10:00:00 AM,,,
H Block,06/07/17,10:04:00 AM,06/07/17,10:38:00 AM,,,
A Block,06/07/17,10:42:00 AM,06/07/17,11:15:00 AM,,,
B Block,06/07/17,11:15:00 AM,06/07/17,12:42:00 PM,,,
Day 7,06/08/17,,06/08/17,,TRUE,,
C Block,06/08/17,7:34:00 AM,06/08/17,8:21:00 AM,,,
D Block,06/08/17,8:25:00 AM,06/08/17,9:12:00 AM,,,
E Block,06/08/17,9:16:00 AM,06/08/17,10:03:00 AM,,,
F Block,06/08/17,10:07:00 AM,06/08/17,10:54:00 AM,,,
G Block,06/08/17,10:54:00 AM,06/08/17,12:19:00 PM,,,
H Block,06/08/17,12:23:00 PM,06/08/17,1:10:00 PM,,,
A Block,06/08/17,1:14:00 PM,06/08/17,2:02:00 PM,,,
Day 8,06/09/17,,06/09/17,,TRUE,,
B Block,06/09/17,7:34:00 AM,06/09/17,8:21:00 AM,,,
C Block,06/09/17,8:25:00 AM,06/09/17,9:12:00 AM,,,
D Block,06/09/17,9:16:00 AM,06/09/17,10:03:00 AM,,,
E Block,06/09/17,10:07:00 AM,06/09/17,10:54:00 AM,,,
F Block,06/09/17,10:54:00 AM,06/09/17,12:19:00 PM,,,
G Block,06/09/17,12:23:00 PM,06/09/17,1:10:00 PM,,,
H Block,06/09/17,1:14:00 PM,06/09/17,2:02:00 PM,,,
Exams,06/12/17,,06/12/17,,TRUE,,
Exams,06/13/17,,06/13/17,,TRUE,,
Exams,06/14/17,,06/14/17,,TRUE,,
Exams,06/15/17,,06/15/17,,TRUE,,
